Workbook

Sheet Planilha1
B2: ATULAIZAÇÃO DE INVENTÁRIO EPPs - DEMAIS EQUIPAMENTOS
A5: EPB | B5: FAMÍLIA | C5: SUB-FAMÍLIAS | O5: TOTAIS | V5: OBSERVAÇÕES | AD5: Avanço 24 | AE5: Avanço 25
C6: Até 1988 | G6: Após 1988 | K6: Sem Info. | AD6: {=(SUM((IF(I8:I12<=H8:H12,I8:I12,H8:H12)),(IF(E8:E12<=D8:D12,E8:E12,D8:D12)),(IF(M8:M12<=L8:L12,M8:M12,L8:L12))))/P13} -> 0.32758621 | AE6: {=IF(AD6>=1,"N/A",SUM((IF((E8:E12+F8:F12)>D8:D12,ABS(D8:D12-E8:E12),F8:F12)),(IF((I8:I12+J8:J12)>H8:H12,ABS(H8:H12-I8:I12),J8:J12)),(IF((M8:M12+N8:N12)>L8:L12,ABS(L8:L12-M8:M12),N8:N12)))/(P13-Q13))} -> 1 | AI6: =AVERAGE(AE6,AE17,AE39,AE50,AE61,AE72,AE83) -> 0.52477388
C7: Previsto | D7: Atualiz. | E7: Real. 24 | F7: Real. 25 | G7: Previsto | H7: Atualiz. | I7: Real. 24 | J7: Real. 25 | K7: Previsto | L7: Atualiz. | M7: Real. 24 | N7: Real. 25 | O7: Previstos | P7: Atualiz. | Q7: Real. 24 | R7: Real. 25 | S7: T. Consid. | T7: Fal. Teste | U7: Avanço | V7: O número do inventário foi alterado para 343. Estamos aguardando a EPB identificar de que família foi abatido.
B8: Transformador de rede subterrânea | C8: 0 | D8: 0 | G8: 0 | H8: 0 | K8: 0 | L8: 0 | O8: =SUM(C8,G8,K8) -> 0 | P8: =SUM(D8,H8,L8) -> 0 | Q8: =IF(P8=0,"-",SUM(E8,I8,M8)) -> - | R8: =IF(P8=0,"-",SUM(F8,J8,N8)) -> - | S8: =IF(P8=0,"-",SUM((IF((E8+F8)>228,D8,IF((E8+F8)>D8,D8,(E8+F8)))),IF((I8+J8)>228,H8,IF((I8+J8)>H8,H8,(I8+J8))),(IF((M8+N8)>228,L8,IF((M8+N8)>L8,L8,(M8+N8)))))) -> - | T8: =IF(P8=0,"-",(P8-S8)) -> - | U8: =IF(P8=0,"-",(1-(T8/P8))) -> -
B9: Disjuntores com extinção de arco em OMI (PVO e GVO) | C9: 0 | D9: 0 | G9: 0 | H9: 0 | K9: 0 | L9: 0 | O9: =SUM(C9,G9,K9) -> 0 | P9: =SUM(D9,H9,L9) -> 0 | Q9: =IF(P9=0,"-",SUM(E9,I9,M9)) -> - | R9: =IF(P9=0,"-",SUM(F9,J9,N9)) -> - | S9: =IF(P9=0,"-",SUM((IF((E9+F9)>228,D9,IF((E9+F9)>D9,D9,(E9+F9)))),IF((I9+J9)>228,H9,IF((I9+J9)>H9,H9,(I9+J9))),(IF((M9+N9)>228,L9,IF((M9+N9)>L9,L9,(M9+N9)))))) -> - | T9: =IF(P9=0,"-",(P9-S9)) -> - | U9: =IF(P9=0,"-",(1-(T9/P9))) -> -
B10: Religadores | C10: 0 | D10: 0 | G10: 46 | H10: 22 | J10: 22 | K10: 0 | L10: 0 | O10: =SUM(C10,G10,K10) -> 46 | P10: =SUM(D10,H10,L10) -> 22 | Q10: =IF(P10=0,"-",SUM(E10,I10,M10)) -> 0 | R10: =IF(P10=0,"-",SUM(F10,J10,N10)) -> 22 | S10: =IF(P10=0,"-",SUM((IF((E10+F10)>228,D10,IF((E10+F10)>D10,D10,(E10+F10)))),IF((I10+J10)>228,H10,IF((I10+J10)>H10,H10,(I10+J10))),(IF((M10+N10)>228,L10,IF((M10+N10)>L10,L10,(M10+N10)))))) -> 22 | T10: =IF(P10=0,"-",(P10-S10)) -> 0 | U10: =IF(P10=0,"-",(1-(T10/P10))) -> 1
B11: Reguladores de tensão de rede | C11: 6 | D11: 0 | G11: 228 | H11: 228 | I11: 95 | J11: =(114+116) -> 230 | K11: 228 | L11: 0 | N11: =(5+2) -> 7 | O11: =SUM(C11,G11,K11) -> 462 | P11: =SUM(D11,H11,L11) -> 228 | Q11: =IF(P11=0,"-",SUM(E11,I11,M11)) -> 95 | R11: =IF(P11=0,"-",SUM(F11,J11,N11)) -> 237 | S11: =IF(P11=0,"-",SUM((IF((E11+F11)>228,D11,IF((E11+F11)>D11,D11,(E11+F11)))),IF((I11+J11)>228,H11,IF((I11+J11)>H11,H11,(I11+J11))),(IF((M11+N11)>228,L11,IF((M11+N11)>L11,L11,(M11+N11)))))) -> 228 | T11: =IF(P11=0,"-",(P11-S11)) -> 0 | U11: =IF(P11=0,"-",(1-(T11/P11))) -> 1
B12: Outros equipamentos de pequeno porte e/ou rede | C12: 7 | D12: 9 | E12: 1 | F12: 8 | G12: 83 | H12: 87 | I12: 18 | J12: 69 | K12: 4 | L12: 2 | N12: 4 | O12: =SUM(C12,G12,K12) -> 94 | P12: =SUM(D12,H12,L12) -> 98 | Q12: =IF(P12=0,"-",SUM(E12,I12,M12)) -> 19 | R12: =IF(P12=0,"-",SUM(F12,J12,N12)) -> 81 | S12: =IF(P12=0,"-",SUM((IF((E12+F12)>228,D12,IF((E12+F12)>D12,D12,(E12+F12)))),IF((I12+J12)>228,H12,IF((I12+J12)>H12,H12,(I12+J12))),(IF((M12+N12)>228,L12,IF((M12+N12)>L12,L12,(M12+N12)))))) -> 98 | T12: =IF(P12=0,"-",(P12-S12)) -> 0 | U12: =IF(P12=0,"-",(1-(T12/P12))) -> 1
B13: TOTAIS | C13: =SUM(C8:C12) -> 13 | D13: =SUM(D8:D12) -> 9 | E13: =SUM(E8:E12) -> 1 | F13: =SUM(F8:F12) -> 8 | G13: =SUM(G8:G12) -> 357 | H13: =SUM(H8:H12) -> 337 | I13: =SUM(I8:I12) -> 113 | J13: =SUM(J8:J12) -> 321 | ... S13: =SUM(S8:S12) -> 348 | T13: =(P13-S13) -> 0 | U13: =IF(P13=0,"-",(1-(T13/P13))) -> 1
A16: ESE | B16: FAMÍLIA | C16: SUB-FAMÍLIAS | O16: TOTAIS | V16: OBSERVAÇÕES | AD16: Avanço 24 | AE16: Avanço 25
C17: Até 1988 | G17: Após 1988 | K17: Sem Info. | AD17: {=(SUM((IF(I19:I23<=H19:H23,I19:I23,H19:H23)),(IF(E19:E23<=D19:D23,E19:E23,D19:D23)),(IF(M19:M23<=L19:L23,M19:M23,L19:L23))))/P24} -> 0.28571429 | AE17: {=SUM((IF((E19:E23+F19:F23)>D19:D23,ABS(D19:D23-E19:E23),F19:F23)),(IF((I19:I23+J19:J23)>H19:H23,ABS(H19:H23-I19:I23),J19:J23)),(IF((M19:M23+N19:N23)>L19:L23,ABS(L19:L23-M19:M23),N19:N23)))/(P24-Q24)} -> 0
C18: Previsto | D18: Atualiz. | E18: Real. 24 | F18: Real. 25 | G18: Previsto | H18: Atualiz. | I18: Real. 24 | J18: Real. 25 | K18: Previsto | L18: Atualiz. | M18: Real. 24 | N18: Real. 25 | O18: Previstos | P18: Atualiz. | Q18: Real. 24 | R18: Real. 25 | S18: T. Consid. | T18: Fal. Teste | U18: Avanço | V18: 1 - o Marlon da informou que não existe na base de ativos da empresa RT sem informação de data. Foi solicitado que o mesmo enviasse descritivo nos informando o nmero a considerar. 2 - Foi informado que todos os Religadores instalados no parque são a vácuo e não existe em sua base equipamentos a óleo.
B19: Transformador de rede subterrânea | G19: 22 | H19: 0 | K19: 6 | L19: 6 | O19: =SUM(C19,G19,K19) -> 28 | P19: =SUM(D19,H19,L19) -> 6 | Q19: =IF(P19=0,"-",SUM(E19,I19,M19)) -> 0 | R19: =IF(P19=0,"-",SUM(F19,J19,N19)) -> 0 | S19: =IF(P19=0,"-",SUM((IF((E19+F19)>228,D19,IF((E19+F19)>D19,D19,(E19+F19)))),IF((I19+J19)>228,H19,IF((I19+J19)>H19,H19,(I19+J19))),(IF((M19+N19)>228,L19,IF((M19+N19)>L19,L19,(M19+N19)))))) -> 0 | T19: =IF(P19=0,"-",(P19-S19)) -> 6 | U19: =IF(P19=0,"-",(1-(T19/P19))) -> 0
B20: Disjuntores com extinção de arco em OMI (PVO e GVO) | C20: 1 | D20: 1 | G20: 6 | O20: =SUM(C20,G20,K20) -> 7 | P20: =SUM(D20,H20,L20) -> 1 | Q20: =IF(P20=0,"-",SUM(E20,I20,M20)) -> 0 | R20: =IF(P20=0,"-",SUM(F20,J20,N20)) -> 0 | S20: =IF(P20=0,"-",SUM((IF((E20+F20)>228,D20,IF((E20+F20)>D20,D20,(E20+F20)))),IF((I20+J20)>228,H20,IF((I20+J20)>H20,H20,(I20+J20))),(IF((M20+N20)>228,L20,IF((M20+N20)>L20,L20,(M20+N20)))))) -> 0 | T20: =IF(P20=0,"-",(P20-S20)) -> 1 | U20: =IF(P20=0,"-",(1-(T20/P20))) -> 0
B21: Religadores | G21: 121 | H21: 0 | K21: 55 | L21: 0 | O21: =SUM(C21,G21,K21) -> 176 | P21: =SUM(D21,H21,L21) -> 0 | Q21: =IF(P21=0,"-",SUM(E21,I21,M21)) -> - | R21: =IF(P21=0,"-",SUM(F21,J21,N21)) -> - | S21: =IF(P21=0,"-",SUM((IF((E21+F21)>228,D21,IF((E21+F21)>D21,D21,(E21+F21)))),IF((I21+J21)>228,H21,IF((I21+J21)>H21,H21,(I21+J21))),(IF((M21+N21)>228,L21,IF((M21+N21)>L21,L21,(M21+N21)))))) -> - | T21: =IF(P21=0,"-",(P21-S21)) -> - | U21: =IF(P21=0,"-",(1-(T21/P21))) -> -
B22: Reguladores de tensão de rede | G22: 179 | H22: 179 | I22: 120 | K22: 113 | L22: 113 | O22: =SUM(C22,G22,K22) -> 292 | P22: =SUM(D22,H22,L22) -> 292 | Q22: =IF(P22=0,"-",SUM(E22,I22,M22)) -> 120 | R22: =IF(P22=0,"-",SUM(F22,J22,N22)) -> 0 | S22: =IF(P22=0,"-",SUM((IF((E22+F22)>228,D22,IF((E22+F22)>D22,D22,(E22+F22)))),IF((I22+J22)>228,H22,IF((I22+J22)>H22,H22,(I22+J22))),(IF((M22+N22)>228,L22,IF((M22+N22)>L22,L22,(M22+N22)))))) -> 120 | T22: =IF(P22=0,"-",(P22-S22)) -> 172 | U22: =IF(P22=0,"-",(1-(T22/P22))) -> 0.4109589
B23: Outros equipamentos de pequeno porte e/ou rede | C23: 12 | D23: 12 | G23: 110 | K23: 109 | L23: 109 | O23: =SUM(C23,G23,K23) -> 231 | P23: =SUM(D23,H23,L23) -> 121 | Q23: =IF(P23=0,"-",SUM(E23,I23,M23)) -> 0 | R23: =IF(P23=0,"-",SUM(F23,J23,N23)) -> 0 | S23: =IF(P23=0,"-",SUM((IF((E23+F23)>228,D23,IF((E23+F23)>D23,D23,(E23+F23)))),IF((I23+J23)>228,H23,IF((I23+J23)>H23,H23,(I23+J23))),(IF((M23+N23)>228,L23,IF((M23+N23)>L23,L23,(M23+N23)))))) -> 0 | T23: =IF(P23=0,"-",(P23-S23)) -> 121 | U23: =IF(P23=0,"-",(1-(T23/P23))) -> 0
B24: TOTAIS | C24: =SUM(C19:C23) -> 13 | D24: =SUM(D19:D23) -> 13 | E24: =SUM(E19:E23) -> 0 | F24: =SUM(F19:F23) -> 0 | G24: =SUM(G19:G23) -> 438 | H24: =SUM(H19:H23) -> 179 | I24: =SUM(I19:I23) -> 120 | J24: =SUM(J19:J23) -> 0 | ... S24: =SUM(S19:S23) -> 120 | T24: =(P24-S24) -> 300 | U24: =IF(P24=0,"-",(1-(T24/P24))) -> 0.28571429
A27: EMR | B27: FAMÍLIA | C27: SUB-FAMÍLIAS | O27: TOTAIS | V27: OBSERVAÇÕES | AD27: Avanço 24 | AE27: Avanço 25
C28: Até 1988 | G28: Após 1988 | K28: Sem Info. | AD28: {=(SUM((IF(I30:I34<=H30:H34,I30:I34,H30:H34)),(IF(E30:E34<=D30:D34,E30:E34,D30:D34)),(IF(M30:M34<=L30:L34,M30:M34,L30:L34))))/P35} -> 1 | AE28: {=IF(AD28>=1,"N/A",SUM((IF((E30:E34+F30:F34)>D30:D34,ABS(D30:D34-E30:E34),F30:F34)),(IF((I30:I34+J30:J34)>H30:H34,ABS(H30:H34-I30:I34),J30:J34)),(IF((M30:M34+N30:N34)>L30:L34,ABS(L30:L34-M30:M34),N30:N34)))/(P35-Q35))} -> N/A
C29: Previsto | D29: Atualiz. | E29: Real. 24 | F29: Real. 25 | G29: Previsto | H29: Atualiz. | I29: Real. 24 | J29: Real. 25 | K29: Previsto | L29: Atualiz. | M29: Real. 24 | N29: Real. 25 | O29: Previstos | P29: Atualiz. | Q29: Real. 24 | R29: Real. 25 | S29: T. Consid. | T29: Fal. Teste | U29: Avanço
B30: Transformador de rede subterrânea | O30: =SUM(C30,G30,K30) -> 0 | P30: =SUM(D30,H30,L30) -> 0 | Q30: =IF(P30=0,"-",SUM(E30,I30,M30)) -> - | R30: =IF(P30=0,"-",SUM(F30,J30,N30)) -> - | S30: =IF(P30=0,"-",SUM((IF((E30+F30)>228,D30,IF((E30+F30)>D30,D30,(E30+F30)))),IF((I30+J30)>228,H30,IF((I30+J30)>H30,H30,(I30+J30))),(IF((M30+N30)>228,L30,IF((M30+N30)>L30,L30,(M30+N30)))))) -> - | T30: =IF(P30=0,"-",(P30-S30)) -> - | U30: =IF(P30=0,"-",(1-(T30/P30))) -> -
B31: Disjuntores com extinção de arco em OMI (PVO e GVO) | C31: 15 | D31: 15 | E31: 15 | G31: 14 | H31: 14 | I31: 14 | O31: =SUM(C31,G31,K31) -> 29 | P31: =SUM(D31,H31,L31) -> 29 | Q31: =IF(P31=0,"-",SUM(E31,I31,M31)) -> 29 | R31: =IF(P31=0,"-",SUM(F31,J31,N31)) -> 0 | S31: =IF(P31=0,"-",SUM((IF((E31+F31)>228,D31,IF((E31+F31)>D31,D31,(E31+F31)))),IF((I31+J31)>228,H31,IF((I31+J31)>H31,H31,(I31+J31))),(IF((M31+N31)>228,L31,IF((M31+N31)>L31,L31,(M31+N31)))))) -> 29 | T31: =IF(P31=0,"-",(P31-S31)) -> 0 | U31: =IF(P31=0,"-",(1-(T31/P31))) -> 1
B32: Religadores | G32: 18 | H32: 18 | I32: 18 | O32: =SUM(C32,G32,K32) -> 18 | P32: =SUM(D32,H32,L32) -> 18 | Q32: =IF(P32=0,"-",SUM(E32,I32,M32)) -> 18 | R32: =IF(P32=0,"-",SUM(F32,J32,N32)) -> 0 | S32: =IF(P32=0,"-",SUM((IF((E32+F32)>228,D32,IF((E32+F32)>D32,D32,(E32+F32)))),IF((I32+J32)>228,H32,IF((I32+J32)>H32,H32,(I32+J32))),(IF((M32+N32)>228,L32,IF((M32+N32)>L32,L32,(M32+N32)))))) -> 18 | T32: =IF(P32=0,"-",(P32-S32)) -> 0 | U32: =IF(P32=0,"-",(1-(T32/P32))) -> 1
B33: Reguladores de tensão de rede | C33: 4 | D33: 4 | E33: 4 | G33: 228 | H33: 228 | I33: 228 | K33: 11 | L33: 11 | M33: 11 | O33: =SUM(C33,G33,K33) -> 243 | P33: =SUM(D33,H33,L33) -> 243 | Q33: =IF(P33=0,"-",SUM(E33,I33,M33)) -> 243 | R33: =IF(P33=0,"-",SUM(F33,J33,N33)) -> 0 | S33: =IF(P33=0,"-",SUM((IF((E33+F33)>228,D33,IF((E33+F33)>D33,D33,(E33+F33)))),IF((I33+J33)>228,H33,IF((I33+J33)>H33,H33,(I33+J33))),(IF((M33+N33)>228,L33,IF((M33+N33)>L33,L33,(M33+N33)))))) -> 243 | T33: =IF(P33=0,"-",(P33-S33)) -> 0 | U33: =IF(P33=0,"-",(1-(T33/P33))) -> 1
B34: Outros equipamentos de pequeno porte e/ou rede | C34: 9 | D34: 9 | E34: 9 | G34: 45 | H34: 45 | I34: 45 | K34: 55 | L34: 55 | M34: 55 | O34: =SUM(C34,G34,K34) -> 109 | P34: =SUM(D34,H34,L34) -> 109 | Q34: =IF(P34=0,"-",SUM(E34,I34,M34)) -> 109 | R34: =IF(P34=0,"-",SUM(F34,J34,N34)) -> 0 | S34: =IF(P34=0,"-",SUM((IF((E34+F34)>228,D34,IF((E34+F34)>D34,D34,(E34+F34)))),IF((I34+J34)>228,H34,IF((I34+J34)>H34,H34,(I34+J34))),(IF((M34+N34)>228,L34,IF((M34+N34)>L34,L34,(M34+N34)))))) -> 109 | T34: =IF(P34=0,"-",(P34-S34)) -> 0 | U34: =IF(P34=0,"-",(1-(T34/P34))) -> 1
B35: TOTAIS | C35: =SUM(C30:C34) -> 28 | D35: =SUM(D30:D34) -> 28 | E35: =SUM(E30:E34) -> 28 | F35: =SUM(F30:F34) -> 0 | G35: =SUM(G30:G34) -> 305 | H35: =SUM(H30:H34) -> 305 | I35: =SUM(I30:I34) -> 305 | J35: =SUM(J30:J34) -> 0 | ... S35: =SUM(S30:S34) -> 399 | T35: =(P35-S35) -> 0 | U35: =IF(P35=0,"-",(1-(T35/P35))) -> 1
A38: EMS | B38: FAMÍLIA | C38: SUB-FAMÍLIAS | O38: TOTAIS | V38: OBSERVAÇÕES | AD38: Avanço 24 | AE38: Avanço 25
C39: Até 1988 | G39: Após 1988 | K39: Sem Info. | AD39: {=(SUM((IF(I41:I45<=H41:H45,I41:I45,H41:H45)),(IF(E41:E45<=D41:D45,E41:E45,D41:D45)),(IF(M41:M45<=L41:L45,M41:M45,L41:L45))))/P46} -> 0.38878843 | AE39: {=SUM((IF((E41:E45+F41:F45)>D41:D45,ABS(D41:D45-E41:E45),F41:F45)),(IF((I41:I45+J41:J45)>H41:H45,ABS(H41:H45-I41:I45),J41:J45)),(IF((M41:M45+N41:N45)>L41:L45,ABS(L41:L45-M41:M45),N41:N45)))/(P46-Q46)} -> 0.48816568
C40: Previsto | D40: Atualiz. | E40: Real. 24 | F40: Real. 25 | G40: Previsto | H40: Atualiz. | I40: Real. 24 | J40: Real. 25 | K40: Previsto | L40: Atualiz. | M40: Real. 24 | N40: Real. 25 | O40: Previstos | P40: Atualiz. | Q40: Real. 24 | R40: Real. 25 | S40: T. Consid. | T40: Fal. Teste | U40: Avanço | V40: 1 - Correção em cadastro para transformadores de RD subterrânea; 2 - Utilização de laudos obtidos pela ITB (313) para reguladores; 3 - Foram realizados 105 testes de TSAs usando testes rápidos em 2024. 4 - dos 124 OE ( chaves a Oleo), 28 já foram substituidas por CF. 80 realmente são CO e precisam ser identificadase testadas. A EMS substituiu os 14 TSAs anteriores a 88. Precisamos pegar documento comprovando
B41: Transformador de rede subterrânea | C41: 0 | G41: 64 | H41: 10 | K41: 167 | L41: 0 | O41: =SUM(C41,G41,K41) -> 231 | P41: =SUM(D41,H41,L41) -> 10 | Q41: =IF(P41=0,"-",SUM(E41,I41,M41)) -> 0 | R41: =IF(P41=0,"-",SUM(F41,J41,N41)) -> 0 | S41: =IF(P41=0,"-",SUM((IF((E41+F41)>228,D41,IF((E41+F41)>D41,D41,(E41+F41)))),IF((I41+J41)>228,H41,IF((I41+J41)>H41,H41,(I41+J41))),(IF((M41+N41)>228,L41,IF((M41+N41)>L41,L41,(M41+N41)))))) -> 0 | T41: =IF(P41=0,"-",(P41-S41)) -> 10 | U41: =IF(P41=0,"-",(1-(T41/P41))) -> 0
B42: Disjuntores com extinção de arco em OMI (PVO e GVO) | C42: 33 | D42: 33 | E42: 33 | G42: 5 | H42: 5 | I42: 5 | O42: =SUM(C42,G42,K42) -> 38 | P42: =SUM(D42,H42,L42) -> 38 | Q42: =IF(P42=0,"-",SUM(E42,I42,M42)) -> 38 | R42: =IF(P42=0,"-",SUM(F42,J42,N42)) -> 0 | S42: =IF(P42=0,"-",SUM((IF((E42+F42)>228,D42,IF((E42+F42)>D42,D42,(E42+F42)))),IF((I42+J42)>228,H42,IF((I42+J42)>H42,H42,(I42+J42))),(IF((M42+N42)>228,L42,IF((M42+N42)>L42,L42,(M42+N42)))))) -> 38 | T42: =IF(P42=0,"-",(P42-S42)) -> 0 | U42: =IF(P42=0,"-",(1-(T42/P42))) -> 1
B43: Religadores | C43: 2 | D43: 0 | G43: 139 | H43: 2 | K43: 5 | L43: 0 | O43: =SUM(C43,G43,K43) -> 146 | P43: =SUM(D43,H43,L43) -> 2 | Q43: =IF(P43=0,"-",SUM(E43,I43,M43)) -> 0 | R43: =IF(P43=0,"-",SUM(F43,J43,N43)) -> 0 | S43: =IF(P43=0,"-",SUM((IF((E43+F43)>228,D43,IF((E43+F43)>D43,D43,(E43+F43)))),IF((I43+J43)>228,H43,IF((I43+J43)>H43,H43,(I43+J43))),(IF((M43+N43)>228,L43,IF((M43+N43)>L43,L43,(M43+N43)))))) -> 0 | T43: =IF(P43=0,"-",(P43-S43)) -> 2 | U43: =IF(P43=0,"-",(1-(T43/P43))) -> 0
B44: Reguladores de tensão de rede | C44: 9 | D44: 9 | G44: 228 | H44: 228 | I44: 72 | J44: 313 | K44: 15 | L44: 15 | O44: =SUM(C44,G44,K44) -> 252 | P44: =SUM(D44,H44,L44) -> 252 | Q44: =IF(P44=0,"-",SUM(E44,I44,M44)) -> 72 | R44: =IF(P44=0,"-",SUM(F44,J44,N44)) -> 313 | S44: =IF(P44=0,"-",SUM((IF((E44+F44)>228,D44,IF((E44+F44)>D44,D44,(E44+F44)))),IF((I44+J44)>228,H44,IF((I44+J44)>H44,H44,(I44+J44))),(IF((M44+N44)>228,L44,IF((M44+N44)>L44,L44,(M44+N44)))))) -> 228 | T44: =IF(P44=0,"-",(P44-S44)) -> 24 | U44: =IF(P44=0,"-",(1-(T44/P44))) -> 0.9047619
B45: Outros equipamentos de pequeno porte e/ou rede | C45: 14 | D45: 14 | F45: 9 | G45: 113 | H45: 113 | I45: 105 | K45: 124 | L45: 124 | O45: =SUM(C45,G45,K45) -> 251 | P45: =SUM(D45,H45,L45) -> 251 | Q45: =IF(P45=0,"-",SUM(E45,I45,M45)) -> 105 | R45: =IF(P45=0,"-",SUM(F45,J45,N45)) -> 9 | S45: =IF(P45=0,"-",SUM((IF((E45+F45)>228,D45,IF((E45+F45)>D45,D45,(E45+F45)))),IF((I45+J45)>228,H45,IF((I45+J45)>H45,H45,(I45+J45))),(IF((M45+N45)>228,L45,IF((M45+N45)>L45,L45,(M45+N45)))))) -> 114 | T45: =IF(P45=0,"-",(P45-S45)) -> 137 | U45: =IF(P45=0,"-",(1-(T45/P45))) -> 0.45418327
B46: TOTAIS | C46: =SUM(C41:C45) -> 58 | D46: =SUM(D41:D45) -> 56 | E46: =SUM(E41:E45) -> 33 | F46: =SUM(F41:F45) -> 9 | G46: =SUM(G41:G45) -> 549 | H46: =SUM(H41:H45) -> 358 | I46: =SUM(I41:I45) -> 182 | J46: =SUM(J41:J45) -> 313 | ... S46: =SUM(S41:S45) -> 380 | T46: =(P46-S46) -> 173 | U46: =IF(P46=0,"-",(1-(T46/P46))) -> 0.68716094
A49: ETO | B49: FAMÍLIA | C49: SUB-FAMÍLIAS | O49: TOTAIS | V49: OBSERVAÇÕES | AD49: Avanço 24 | AE49: Avanço 25
C50: Até 1988 | G50: Após 1988 | K50: Sem Info. | AD50: {=(SUM((IF(I52:I56<=H52:H56,I52:I56,H52:H56)),(IF(E52:E56<=D52:D56,E52:E56,D52:D56)),(IF(M52:M56<=L52:L56,M52:M56,L52:L56))))/P57} -> 0.38418079 | AE50: {=SUM((IF((E52:E56+F52:F56)>D52:D56,ABS(D52:D56-E52:E56),F52:F56)),(IF((I52:I56+J52:J56)>H52:H56,ABS(H52:H56-I52:I56),J52:J56)),(IF((M52:M56+N52:N56)>L52:L56,ABS(L52:L56-M52:M56),N52:N56)))/(P57-Q57)} -> 0.52293578
C51: Previsto | D51: Atualiz. | E51: Real. 24 | F51: Real. 25 | G51: Previsto | H51: Atualiz. | I51: Real. 24 | J51: Real. 25 | K51: Previsto | L51: Atualiz. | M51: Real. 24 | N51: Real. 25 | O51: Previstos | P51: Atualiz. | Q51: Real. 24 | R51: Real. 25 | S51: T. Consid. | T51: Fal. Teste | U51: Avanço | V51: 1 - Foram considerados 215 laudos/testes via documentação emitida pela ITB. 2 - no item "RT Sem Data" foram reclassificados 97 para "RT Após 1988" por compravar a existência de identificação. 3 - 42 TSAs coletados em ago/25. Aguardando resultados
B52: Transformador de rede subterrânea | O52: =SUM(C52,G52,K52) -> 0 | P52: =SUM(D52,H52,L52) -> 0 | Q52: =IF(P52=0,"-",SUM(E52,I52,M52)) -> - | R52: =IF(P52=0,"-",SUM(F52,J52,N52)) -> - | S52: =IF(P52=0,"-",SUM((IF((E52+F52)>228,D52,IF((E52+F52)>D52,D52,(E52+F52)))),IF((I52+J52)>228,H52,IF((I52+J52)>H52,H52,(I52+J52))),(IF((M52+N52)>228,L52,IF((M52+N52)>L52,L52,(M52+N52)))))) -> - | T52: =IF(P52=0,"-",(P52-S52)) -> - | U52: =IF(P52=0,"-",(1-(T52/P52))) -> -
B53: Disjuntores com extinção de arco em OMI (PVO e GVO) | O53: =SUM(C53,G53,K53) -> 0 | P53: =SUM(D53,H53,L53) -> 0 | Q53: =IF(P53=0,"-",SUM(E53,I53,M53)) -> - | R53: =IF(P53=0,"-",SUM(F53,J53,N53)) -> - | S53: =IF(P53=0,"-",SUM((IF((E53+F53)>228,D53,IF((E53+F53)>D53,D53,(E53+F53)))),IF((I53+J53)>228,H53,IF((I53+J53)>H53,H53,(I53+J53))),(IF((M53+N53)>228,L53,IF((M53+N53)>L53,L53,(M53+N53)))))) -> - | T53: =IF(P53=0,"-",(P53-S53)) -> - | U53: =IF(P53=0,"-",(1-(T53/P53))) -> -
B54: Religadores | O54: =SUM(C54,G54,K54) -> 0 | P54: =SUM(D54,H54,L54) -> 0 | Q54: =IF(P54=0,"-",SUM(E54,I54,M54)) -> - | R54: =IF(P54=0,"-",SUM(F54,J54,N54)) -> - | S54: =IF(P54=0,"-",SUM((IF((E54+F54)>228,D54,IF((E54+F54)>D54,D54,(E54+F54)))),IF((I54+J54)>228,H54,IF((I54+J54)>H54,H54,(I54+J54))),(IF((M54+N54)>228,L54,IF((M54+N54)>L54,L54,(M54+N54)))))) -> - | T54: =IF(P54=0,"-",(P54-S54)) -> - | U54: =IF(P54=0,"-",(1-(T54/P54))) -> -
B55: Reguladores de tensão de rede | G55: 228 | H55: 228 | I55: 131 | J55: 215 | K55: 126 | L55: 29 | M55: 2 | O55: =SUM(C55,G55,K55) -> 354 | P55: =SUM(D55,H55,L55) -> 257 | Q55: =IF(P55=0,"-",SUM(E55,I55,M55)) -> 133 | R55: =IF(P55=0,"-",SUM(F55,J55,N55)) -> 215 | S55: =IF(P55=0,"-",SUM((IF((E55+F55)>228,D55,IF((E55+F55)>D55,D55,(E55+F55)))),IF((I55+J55)>228,H55,IF((I55+J55)>H55,H55,(I55+J55))),(IF((M55+N55)>228,L55,IF((M55+N55)>L55,L55,(M55+N55)))))) -> 230 | T55: =IF(P55=0,"-",(P55-S55)) -> 27 | U55: =IF(P55=0,"-",(1-(T55/P55))) -> 0.89494163
B56: Outros equipamentos de pequeno porte e/ou rede | G56: 97 | H56: 97 | I56: 3 | J56: =17 -> 17 | O56: =SUM(C56,G56,K56) -> 97 | P56: =SUM(D56,H56,L56) -> 97 | Q56: =IF(P56=0,"-",SUM(E56,I56,M56)) -> 3 | R56: =IF(P56=0,"-",SUM(F56,J56,N56)) -> 17 | S56: =IF(P56=0,"-",SUM((IF((E56+F56)>228,D56,IF((E56+F56)>D56,D56,(E56+F56)))),IF((I56+J56)>228,H56,IF((I56+J56)>H56,H56,(I56+J56))),(IF((M56+N56)>228,L56,IF((M56+N56)>L56,L56,(M56+N56)))))) -> 20 | T56: =IF(P56=0,"-",(P56-S56)) -> 77 | U56: =IF(P56=0,"-",(1-(T56/P56))) -> 0.20618557
B57: TOTAIS | C57: =SUM(C52:C56) -> 0 | D57: =SUM(D52:D56) -> 0 | E57: =SUM(E52:E56) -> 0 | F57: =SUM(F52:F56) -> 0 | G57: =SUM(G52:G56) -> 325 | H57: =SUM(H52:H56) -> 325 | I57: =SUM(I52:I56) -> 134 | J57: =SUM(J52:J56) -> 232 | ... S57: =SUM(S52:S56) -> 250 | T57: =(P57-S57) -> 104 | U57: =IF(P57=0,"-",(1-(T57/P57))) -> 0.70621469
A60: ERO | B60: FAMÍLIA | C60: SUB-FAMÍLIAS | O60: TOTAIS | V60: OBSERVAÇÕES | AD60: Avanço 24 | AE60: Avanço 25
C61: Até 1988 | G61: Após 1988 | K61: Sem Info. | AD61: {=(SUM((IF(I63:I67<=H63:H67,I63:I67,H63:H67)),(IF(E63:E67<=D63:D67,E63:E67,D63:D67)),(IF(M63:M67<=L63:L67,M63:M67,L63:L67))))/P68} -> 0.62857143 | AE61: {=SUM((IF((E63:E67+F63:F67)>D63:D67,ABS(D63:D67-E63:E67),F63:F67)),(IF((I63:I67+J63:J67)>H63:H67,ABS(H63:H67-I63:I67),J63:J67)),(IF((M63:M67+N63:N67)>L63:L67,ABS(L63:L67-M63:M67),N63:N67)))/(P68-Q68)} -> 0.33076923
C62: Previsto | D62: Atualiz. | E62: Real. 24 | F62: Real. 25 | G62: Previsto | H62: Atualiz. | I62: Real. 24 | J62: Real. 25 | K62: Previsto | L62: Atualiz. | M62: Real. 24 | N62: Real. 25 | O62: Previstos | P62: Atualiz. | Q62: Real. 24 | R62: Real. 25 | S62: T. Consid. | T62: Fal. Teste | U62: Avanço | V62: Possui planejamento até o final do ano, está com dificuldade em TSAs
B63: Transformador de rede subterrânea | O63: =SUM(C63,G63,K63) -> 0 | P63: =SUM(D63,H63,L63) -> 0 | Q63: =IF(P63=0,"-",SUM(E63,I63,M63)) -> - | R63: =IF(P63=0,"-",SUM(F63,J63,N63)) -> - | S63: =IF(P63=0,"-",SUM((IF((E63+F63)>228,D63,IF((E63+F63)>D63,D63,(E63+F63)))),IF((I63+J63)>228,H63,IF((I63+J63)>H63,H63,(I63+J63))),(IF((M63+N63)>228,L63,IF((M63+N63)>L63,L63,(M63+N63)))))) -> - | T63: =IF(P63=0,"-",(P63-S63)) -> - | U63: =IF(P63=0,"-",(1-(T63/P63))) -> -
B64: Disjuntores com extinção de arco em OMI (PVO e GVO) | K64: 24 | L64: 24 | M64: 4 | O64: =SUM(C64,G64,K64) -> 24 | P64: =SUM(D64,H64,L64) -> 24 | Q64: =IF(P64=0,"-",SUM(E64,I64,M64)) -> 4 | R64: =IF(P64=0,"-",SUM(F64,J64,N64)) -> 0 | S64: =IF(P64=0,"-",SUM((IF((E64+F64)>228,D64,IF((E64+F64)>D64,D64,(E64+F64)))),IF((I64+J64)>228,H64,IF((I64+J64)>H64,H64,(I64+J64))),(IF((M64+N64)>228,L64,IF((M64+N64)>L64,L64,(M64+N64)))))) -> 4 | T64: =IF(P64=0,"-",(P64-S64)) -> 20 | U64: =IF(P64=0,"-",(1-(T64/P64))) -> 0.16666667
B65: Religadores | O65: =SUM(C65,G65,K65) -> 0 | P65: =SUM(D65,H65,L65) -> 0 | Q65: =IF(P65=0,"-",SUM(E65,I65,M65)) -> - | R65: =IF(P65=0,"-",SUM(F65,J65,N65)) -> - | S65: =IF(P65=0,"-",SUM((IF((E65+F65)>228,D65,IF((E65+F65)>D65,D65,(E65+F65)))),IF((I65+J65)>228,H65,IF((I65+J65)>H65,H65,(I65+J65))),(IF((M65+N65)>228,L65,IF((M65+N65)>L65,L65,(M65+N65)))))) -> - | T65: =IF(P65=0,"-",(P65-S65)) -> - | U65: =IF(P65=0,"-",(1-(T65/P65))) -> -
B66: Reguladores de tensão de rede | G66: 228 | H66: 228 | I66: 216 | J66: 12 | K66: 20 | L66: 20 | O66: =SUM(C66,G66,K66) -> 248 | P66: =SUM(D66,H66,L66) -> 248 | Q66: =IF(P66=0,"-",SUM(E66,I66,M66)) -> 216 | R66: =IF(P66=0,"-",SUM(F66,J66,N66)) -> 12 | S66: =IF(P66=0,"-",SUM((IF((E66+F66)>228,D66,IF((E66+F66)>D66,D66,(E66+F66)))),IF((I66+J66)>228,H66,IF((I66+J66)>H66,H66,(I66+J66))),(IF((M66+N66)>228,L66,IF((M66+N66)>L66,L66,(M66+N66)))))) -> 228 | T66: =IF(P66=0,"-",(P66-S66)) -> 20 | U66: =IF(P66=0,"-",(1-(T66/P66))) -> 0.91935484
B67: Outros equipamentos de pequeno porte e/ou rede | C67: 3 | G67: 55 | H67: 55 | J67: =(27+4) -> 31 | K67: 23 | L67: 23 | O67: =SUM(C67,G67,K67) -> 81 | P67: =SUM(D67,H67,L67) -> 78 | Q67: =IF(P67=0,"-",SUM(E67,I67,M67)) -> 0 | R67: =IF(P67=0,"-",SUM(F67,J67,N67)) -> 31 | S67: =IF(P67=0,"-",SUM((IF((E67+F67)>228,D67,IF((E67+F67)>D67,D67,(E67+F67)))),IF((I67+J67)>228,H67,IF((I67+J67)>H67,H67,(I67+J67))),(IF((M67+N67)>228,L67,IF((M67+N67)>L67,L67,(M67+N67)))))) -> 31 | T67: =IF(P67=0,"-",(P67-S67)) -> 47 | U67: =IF(P67=0,"-",(1-(T67/P67))) -> 0.3974359
B68: TOTAIS | C68: =SUM(C63:C67) -> 3 | D68: =SUM(D63:D67) -> 0 | E68: =SUM(E63:E67) -> 0 | F68: =SUM(F63:F67) -> 0 | G68: =SUM(G63:G67) -> 283 | H68: =SUM(H63:H67) -> 283 | I68: =SUM(I63:I67) -> 216 | J68: =SUM(J63:J67) -> 43 | ... S68: =SUM(S63:S67) -> 263 | T68: =(P68-S68) -> 87 | U68: =IF(P68=0,"-",(1-(T68/P68))) -> 0.75142857
A71: EMT | B71: FAMÍLIA | C71: SUB-FAMÍLIAS | O71: TOTAIS | V71: OBSERVAÇÕES | AD71: Avanço 24 | AE71: Avanço 25
C72: Até 1988 | G72: Após 1988 | K72: Sem Info. | AD72: {=(SUM((IF(I74:I78<=H74:H78,I74:I78,H74:H78)),(IF(E74:E78<=D74:D78,E74:E78,D74:D78)),(IF(M74:M78<=L74:L78,M74:M78,L74:L78))))/P79} -> 0.25985401 | AE72: {=SUM((IF((E74:E78+F74:F78)>D74:D78,ABS(D74:D78-E74:E78),F74:F78)),(IF((I74:I78+J74:J78)>H74:H78,ABS(H74:H78-I74:I78),J74:J78)),(IF((M74:M78+N74:N78)>L74:L78,ABS(L74:L78-M74:M78),N74:N78)))/(P79-Q79)} -> 0.53451677
C73: Previsto | D73: Atualiz. | E73: Real. 24 | F73: Real. 25 | G73: Previsto | H73: Atualiz. | I73: Real. 24 | J73: Real. 25 | K73: Previsto | L73: Atualiz. | M73: Real. 24 | N73: Real. 25 | O73: Previstos | P73: Atualiz. | Q73: Real. 24 | R73: Real. 25 | S73: T. Consid. | T73: Fal. Teste | U73: Avanço | V73: 2 - DCMD tem entrega de laudos de reguladores prevista para essa semana(22 - 26). 3 - Na Guia OE, foram abatidos 30 TSAs via declaração do fabricante. Foi solicitado fotos de placa para compor documentação. 4 - Foram realizadas 145 coletas em Religadores (DMSL), aguardando envio ao lab (12/09)
B74: Transformador de rede subterrânea | O74: =SUM(C74,G74,K74) -> 0 | P74: =SUM(D74,H74,L74) -> 0 | Q74: =IF(P74=0,"-",SUM(E74,I74,M74)) -> - | R74: =IF(P74=0,"-",SUM(F74,J74,N74)) -> - | S74: =IF(P74=0,"-",SUM((IF((E74+F74)>228,D74,IF((E74+F74)>D74,D74,(E74+F74)))),IF((I74+J74)>228,H74,IF((I74+J74)>H74,H74,(I74+J74))),(IF((M74+N74)>228,L74,IF((M74+N74)>L74,L74,(M74+N74)))))) -> - | T74: =IF(P74=0,"-",(P74-S74)) -> - | U74: =IF(P74=0,"-",(1-(T74/P74))) -> -
B75: Disjuntores com extinção de arco em OMI (PVO e GVO) | C75: 5 | D75: 5 | G75: 2 | H75: 2 | O75: =SUM(C75,G75,K75) -> 7 | P75: =SUM(D75,H75,L75) -> 7 | Q75: =IF(P75=0,"-",SUM(E75,I75,M75)) -> 0 | R75: =IF(P75=0,"-",SUM(F75,J75,N75)) -> 0 | S75: =IF(P75=0,"-",SUM((IF((E75+F75)>228,D75,IF((E75+F75)>D75,D75,(E75+F75)))),IF((I75+J75)>228,H75,IF((I75+J75)>H75,H75,(I75+J75))),(IF((M75+N75)>228,L75,IF((M75+N75)>L75,L75,(M75+N75)))))) -> 0 | T75: =IF(P75=0,"-",(P75-S75)) -> 7 | U75: =IF(P75=0,"-",(1-(T75/P75))) -> 0
B76: Religadores | C76: 3 | D76: 3 | G76: 228 | H76: 228 | I76: 66 | J76: =(145+14) -> 159 | O76: =SUM(C76,G76,K76) -> 231 | P76: =SUM(D76,H76,L76) -> 231 | Q76: =IF(P76=0,"-",SUM(E76,I76,M76)) -> 66 | R76: =IF(P76=0,"-",SUM(F76,J76,N76)) -> 159 | S76: =IF(P76=0,"-",SUM((IF((E76+F76)>228,D76,IF((E76+F76)>D76,D76,(E76+F76)))),IF((I76+J76)>228,H76,IF((I76+J76)>H76,H76,(I76+J76))),(IF((M76+N76)>228,L76,IF((M76+N76)>L76,L76,(M76+N76)))))) -> 225 | T76: =IF(P76=0,"-",(P76-S76)) -> 6 | U76: =IF(P76=0,"-",(1-(T76/P76))) -> 0.97402597
B77: Reguladores de tensão de rede | G77: 228 | H77: 228 | I77: 112 | J77: =(21+14) -> 35 | O77: =SUM(C77,G77,K77) -> 228 | P77: =SUM(D77,H77,L77) -> 228 | Q77: =IF(P77=0,"-",SUM(E77,I77,M77)) -> 112 | R77: =IF(P77=0,"-",SUM(F77,J77,N77)) -> 35 | S77: =IF(P77=0,"-",SUM((IF((E77+F77)>228,D77,IF((E77+F77)>D77,D77,(E77+F77)))),IF((I77+J77)>228,H77,IF((I77+J77)>H77,H77,(I77+J77))),(IF((M77+N77)>228,L77,IF((M77+N77)>L77,L77,(M77+N77)))))) -> 147 | T77: =IF(P77=0,"-",(P77-S77)) -> 81 | U77: =IF(P77=0,"-",(1-(T77/P77))) -> 0.64473684
B78: Outros equipamentos de pequeno porte e/ou rede | C78: 22 | D78: 22 | G78: 197 | H78: 197 | J78: =(30+47) -> 77 | O78: =SUM(C78,G78,K78) -> 219 | P78: =SUM(D78,H78,L78) -> 219 | Q78: =IF(P78=0,"-",SUM(E78,I78,M78)) -> 0 | R78: =IF(P78=0,"-",SUM(F78,J78,N78)) -> 77 | S78: =IF(P78=0,"-",SUM((IF((E78+F78)>228,D78,IF((E78+F78)>D78,D78,(E78+F78)))),IF((I78+J78)>228,H78,IF((I78+J78)>H78,H78,(I78+J78))),(IF((M78+N78)>228,L78,IF((M78+N78)>L78,L78,(M78+N78)))))) -> 77 | T78: =IF(P78=0,"-",(P78-S78)) -> 142 | U78: =IF(P78=0,"-",(1-(T78/P78))) -> 0.35159817
B79: TOTAIS | C79: =SUM(C74:C78) -> 30 | D79: =SUM(D74:D78) -> 30 | E79: =SUM(E74:E78) -> 0 | F79: =SUM(F74:F78) -> 0 | G79: =SUM(G74:G78) -> 655 | H79: =SUM(H74:H78) -> 655 | I79: =SUM(I74:I78) -> 178 | J79: =SUM(J74:J78) -> 271 | ... S79: =SUM(S74:S78) -> 449 | T79: =(P79-S79) -> 236 | U79: =IF(P79=0,"-",(1-(T79/P79))) -> 0.65547445
A82: ESS | B82: FAMÍLIA | C82: SUB-FAMÍLIAS | O82: TOTAIS | V82: OBSERVAÇÕES | AD82: Avanço 24 | AE82: Avanço 25
C83: Até 1988 | G83: Após 1988 | K83: Sem Info. | AD83: {=(SUM((IF(I85:I89<=H85:H89,I85:I89,H85:H89)),(IF(E85:E89<=D85:D89,E85:E89,D85:D89)),(IF(M85:M89<=L85:L89,M85:M89,L85:L89))))/P90} -> 0.54202586 | AE83: {=SUM((IF((E85:E89+F85:F89)>D85:D89,ABS(D85:D89-E85:E89),F85:F89)),(IF((I85:I89+J85:J89)>H85:H89,ABS(H85:H89-I85:I89),J85:J89)),(IF((M85:M89+N85:N89)>L85:L89,ABS(L85:L89-M85:M89),N85:N89)))/(P90-Q90)} -> 0.7970297
C84: Previsto | D84: Atualiz. | E84: Real. 24 | F84: Real. 25 | G84: Previsto | H84: Atualiz. | I84: Real. 24 | J84: Real. 25 | K84: Previsto | L84: Atualiz. | M84: Real. 24 | N84: Real. 25 | O84: Previstos | P84: Atualiz. | Q84: Real. 24 | R84: Real. 25 | S84: T. Consid. | T84: Fal. Teste | U84: Avanço
B85: Transformador de rede subterrânea | D85: 0 | E85: 0 | G85: 0 | H85: 0 | I85: 0 | K85: 119 | O85: =SUM(C85,G85,K85) -> 119 | P85: =SUM(D85,H85,L85) -> 0 | Q85: =IF(P85=0,"-",SUM(E85,I85,M85)) -> - | R85: =IF(P85=0,"-",SUM(F85,J85,N85)) -> - | S85: =IF(P85=0,"-",SUM((IF((E85+F85)>228,D85,IF((E85+F85)>D85,D85,(E85+F85)))),IF((I85+J85)>228,H85,IF((I85+J85)>H85,H85,(I85+J85))),(IF((M85+N85)>228,L85,IF((M85+N85)>L85,L85,(M85+N85)))))) -> - | T85: =IF(P85=0,"-",(P85-S85)) -> - | U85: =IF(P85=0,"-",(1-(T85/P85))) -> -
B86: Disjuntores com extinção de arco em OMI (PVO e GVO) | C86: 42 | D86: 45 | E86: 42 | F86: 1 | G86: 25 | H86: 4 | I86: 4 | K86: 13 | L86: 0 | O86: =SUM(C86,G86,K86) -> 80 | P86: =SUM(D86,H86,L86) -> 49 | Q86: =IF(P86=0,"-",SUM(E86,I86,M86)) -> 46 | R86: =IF(P86=0,"-",SUM(F86,J86,N86)) -> 1 | S86: =IF(P86=0,"-",SUM((IF((E86+F86)>228,D86,IF((E86+F86)>D86,D86,(E86+F86)))),IF((I86+J86)>228,H86,IF((I86+J86)>H86,H86,(I86+J86))),(IF((M86+N86)>228,L86,IF((M86+N86)>L86,L86,(M86+N86)))))) -> 47 | T86: =IF(P86=0,"-",(P86-S86)) -> 2 | U86: =IF(P86=0,"-",(1-(T86/P86))) -> 0.95918367
B87: Religadores | C87: 0 | D87: 4 | E87: 4 | G87: 4 | H87: 186 | I87: 186 | O87: =SUM(C87,G87,K87) -> 4 | P87: =SUM(D87,H87,L87) -> 190 | Q87: =IF(P87=0,"-",SUM(E87,I87,M87)) -> 190 | R87: =IF(P87=0,"-",SUM(F87,J87,N87)) -> 0 | S87: =IF(P87=0,"-",SUM((IF((E87+F87)>228,D87,IF((E87+F87)>D87,D87,(E87+F87)))),IF((I87+J87)>228,H87,IF((I87+J87)>H87,H87,(I87+J87))),(IF((M87+N87)>228,L87,IF((M87+N87)>L87,L87,(M87+N87)))))) -> 190 | T87: =IF(P87=0,"-",(P87-S87)) -> 0 | U87: =IF(P87=0,"-",(1-(T87/P87))) -> 1
B88: Reguladores de tensão de rede | C88: 2 | D88: 4 | E88: 4 | G88: 69 | H88: 228 | I88: 249 | J88: 1 | K88: 154 | L88: 0 | O88: =SUM(C88,G88,K88) -> 225 | P88: =SUM(D88,H88,L88) -> 232 | Q88: =IF(P88=0,"-",SUM(E88,I88,M88)) -> 253 | R88: =IF(P88=0,"-",SUM(F88,J88,N88)) -> 1 | S88: =IF(P88=0,"-",SUM((IF((E88+F88)>228,D88,IF((E88+F88)>D88,D88,(E88+F88)))),IF((I88+J88)>228,H88,IF((I88+J88)>H88,H88,(I88+J88))),(IF((M88+N88)>228,L88,IF((M88+N88)>L88,L88,(M88+N88)))))) -> 232 | T88: =IF(P88=0,"-",(P88-S88)) -> 0 | U88: =IF(P88=0,"-",(1-(T88/P88))) -> 1
B89: Outros equipamentos de pequeno porte e/ou rede (TSA e CO) | C89: 14 | D89: 228 | E89: 14 | F89: =(73+19) -> 92 | G89: 98 | H89: 228 | I89: 21 | J89: 322 | K89: 174 | L89: 1 | N89: 1 | O89: =SUM(C89,G89,K89) -> 286 | P89: =SUM(D89,H89,L89) -> 457 | Q89: =IF(P89=0,"-",SUM(E89,I89,M89)) -> 35 | R89: =IF(P89=0,"-",SUM(F89,J89,N89)) -> 415 | S89: =IF(P89=0,"-",SUM((IF((E89+F89)>228,D89,IF((E89+F89)>D89,D89,(E89+F89)))),IF((I89+J89)>228,H89,IF((I89+J89)>H89,H89,(I89+J89))),(IF((M89+N89)>228,L89,IF((M89+N89)>L89,L89,(M89+N89)))))) -> 335 | T89: =IF(P89=0,"-",(P89-S89)) -> 122 | U89: =IF(P89=0,"-",(1-(T89/P89))) -> 0.73304158
B90: TOTAIS | C90: =SUM(C85:C89) -> 58 | D90: =SUM(D85:D89) -> 281 | E90: =SUM(E85:E89) -> 64 | F90: =SUM(F85:F89) -> 93 | G90: =SUM(G85:G89) -> 196 | H90: =SUM(H85:H89) -> 646 | I90: =SUM(I85:I89) -> 460 | J90: =SUM(J85:J89) -> 323 | ... S90: =SUM(S85:S89) -> 804 | T90: =(P90-S90) -> 124 | U90: =IF(P90=0,"-",(1-(T90/P90))) -> 0.86637931
A93: EAC | B93: FAMÍLIA | C93: SUB-FAMÍLIAS | O93: TOTAIS | V93: OBSERVAÇÕES | AD93: Avanço 24 | AE93: Avanço 25
C94: Até 1988 | G94: Após 1988 | K94: Sem Info. | AD94: {=(SUM((IF(I96:I100<=H96:H100,I96:I100,H96:H100)),(IF(E96:E100<=D96:D100,E96:E100,D96:D100)),(IF(M96:M100<=L96:L100,M96:M100,L96:L100))))/P101} -> 1 | AE94: {=IF(AD94>=1,"N/A",SUM((IF((E96:E100+F96:F100)>D96:D100,ABS(D96:D100-E96:E100),F96:F100)),(IF((I96:I100+J96:J100)>H96:H100,ABS(H96:H100-I96:I100),J96:J100)),(IF((M96:M100+N96:N100)>L96:L100,ABS(L96:L100-M96:M100),N96:N100)))/(P101-Q101))} -> N/A
C95: Previsto | D95: Atualiz. | E95: Real. 24 | F95: Real. 25 | G95: Previsto | H95: Atualiz. | I95: Real. 24 | J95: Real. 25 | K95: Previsto | L95: Atualiz. | M95: Real. 24 | N95: Real. 25 | O95: Previstos | P95: Atualiz. | Q95: Real. 24 | R95: Real. 25 | S95: T. Consid. | T95: Fal. Teste | U95: Avanço
B96: Transformador de rede subterrânea | O96: =SUM(C96,G96,K96) -> 0 | P96: =SUM(D96,H96,L96) -> 0 | Q96: =IF(P96=0,"-",SUM(E96,I96,M96)) -> - | R96: =IF(P96=0,"-",SUM(F96,J96,N96)) -> - | S96: =IF(P96=0,"-",SUM((IF((E96+F96)>228,D96,IF((E96+F96)>D96,D96,(E96+F96)))),IF((I96+J96)>228,H96,IF((I96+J96)>H96,H96,(I96+J96))),(IF((M96+N96)>228,L96,IF((M96+N96)>L96,L96,(M96+N96)))))) -> - | T96: =IF(P96=0,"-",(P96-S96)) -> - | U96: =IF(P96=0,"-",(1-(T96/P96))) -> -
B97: Disjuntores com extinção de arco em OMI (PVO e GVO) | O97: =SUM(C97,G97,K97) -> 0 | P97: =SUM(D97,H97,L97) -> 0 | Q97: =IF(P97=0,"-",SUM(E97,I97,M97)) -> - | R97: =IF(P97=0,"-",SUM(F97,J97,N97)) -> - | S97: =IF(P97=0,"-",SUM((IF((E97+F97)>228,D97,IF((E97+F97)>D97,D97,(E97+F97)))),IF((I97+J97)>228,H97,IF((I97+J97)>H97,H97,(I97+J97))),(IF((M97+N97)>228,L97,IF((M97+N97)>L97,L97,(M97+N97)))))) -> - | T97: =IF(P97=0,"-",(P97-S97)) -> - | U97: =IF(P97=0,"-",(1-(T97/P97))) -> -
B98: Religadores | O98: =SUM(C98,G98,K98) -> 0 | P98: =SUM(D98,H98,L98) -> 0 | Q98: =IF(P98=0,"-",SUM(E98,I98,M98)) -> - | R98: =IF(P98=0,"-",SUM(F98,J98,N98)) -> - | S98: =IF(P98=0,"-",SUM((IF((E98+F98)>228,D98,IF((E98+F98)>D98,D98,(E98+F98)))),IF((I98+J98)>228,H98,IF((I98+J98)>H98,H98,(I98+J98))),(IF((M98+N98)>228,L98,IF((M98+N98)>L98,L98,(M98+N98)))))) -> - | T98: =IF(P98=0,"-",(P98-S98)) -> - | U98: =IF(P98=0,"-",(1-(T98/P98))) -> -
B99: Reguladores de tensão de rede | G99: 80 | H99: 80 | I99: 80 | K99: 6 | L99: 6 | M99: 6 | O99: =SUM(C99,G99,K99) -> 86 | P99: =SUM(D99,H99,L99) -> 86 | Q99: =IF(P99=0,"-",SUM(E99,I99,M99)) -> 86 | R99: =IF(P99=0,"-",SUM(F99,J99,N99)) -> 0 | S99: =IF(P99=0,"-",SUM((IF((E99+F99)>228,D99,IF((E99+F99)>D99,D99,(E99+F99)))),IF((I99+J99)>228,H99,IF((I99+J99)>H99,H99,(I99+J99))),(IF((M99+N99)>228,L99,IF((M99+N99)>L99,L99,(M99+N99)))))) -> 86 | T99: =IF(P99=0,"-",(P99-S99)) -> 0 | U99: =IF(P99=0,"-",(1-(T99/P99))) -> 1
B100: Outros equipamentos de pequeno porte e/ou rede | G100: 15 | H100: 15 | I100: 15 | O100: =SUM(C100,G100,K100) -> 15 | P100: =SUM(D100,H100,L100) -> 15 | Q100: =IF(P100=0,"-",SUM(E100,I100,M100)) -> 15 | R100: =IF(P100=0,"-",SUM(F100,J100,N100)) -> 0 | S100: =IF(P100=0,"-",SUM((IF((E100+F100)>228,D100,IF((E100+F100)>D100,D100,(E100+F100)))),IF((I100+J100)>228,H100,IF((I100+J100)>H100,H100,(I100+J100))),(IF((M100+N100)>228,L100,IF((M100+N100)>L100,L100,(M100+N100)))))) -> 15 | T100: =IF(P100=0,"-",(P100-S100)) -> 0 | U100: =IF(P100=0,"-",(1-(T100/P100))) -> 1
B101: TOTAIS | C101: =SUM(C96:C100) -> 0 | D101: =SUM(D96:D100) -> 0 | E101: =SUM(E96:E100) -> 0 | F101: =SUM(F96:F100) -> 0 | G101: =SUM(G96:G100) -> 95 | H101: =SUM(H96:H100) -> 95 | I101: =SUM(I96:I100) -> 95 | J101: =SUM(J96:J100) -> 0 | ... S101: =SUM(S96:S100) -> 101 | T101: =(P101-S101) -> 0 | U101: =IF(P101=0,"-",(1-(T101/P101))) -> 1
A104: GRUPO | B104: FAMÍLIA | C104: SUB-FAMÍLIAS | O104: TOTAIS | V104: OBSERVAÇÕES | AD104: Avanço 24 | AE104: Avanço 25
C105: Até 1988 | G105: Após 1988 | K105: Sem Info. | AD105: {=(SUM((IF(I107:I111<=H107:H111,I107:I111,H107:H111)),(IF(E107:E111<=D107:D111,E107:E111,D107:D111)),(IF(M107:M111<=L107:L111,M107:M111,L107:L111))))/P112} -> 0.48501692 | AE105: {=SUM((IF((E107:E111+F107:F111)>D107:D111,ABS(D107:D111-E107:E111),F107:F111)),(IF((I107:I111+J107:J111)>H107:H111,ABS(H107:H111-I107:I111),J107:J111)),(IF((M107:M111+N107:N111)>L107:L111,ABS(L107:L111-M107:M111),N107:N111)))/(P112-Q112)} -> 0.64335992
C106: Previsto | D106: Atualiz. | E106: Real. 24 | F106: Real. 25 | G106: Previsto | H106: Atualiz. | I106: Real. 24 | J106: Real. 25 | K106: Previsto | L106: Atualiz. | M106: Real. 24 | N106: Real. 25 | O106: Previstos | P106: Atualiz. | Q106: Exec. 24 | R106: Exec. 25 | S106: Exec total | T106: Pendentes | U106: Avanço | V106: Atualização cadastral das famílias, análise de fotos de placa e coleta de laudos com fabricantes aumentou de 57% para 73% o avanço do inventário.
B107: Transformador de rede subterrânea | C107: =SUM(C8,C19,C30,C41,C52,C63,C74,C85,C96) -> 0 | D107: =SUM(D8,D19,D30,D41,D52,D63,D74,D85,D96) -> 0 | E107: =SUM(E8,E19,E30,E41,E52,E63,E74,E85,E96) -> 0 | F107: =SUM(F8,F19,F30,F41,F52,F63,F74,F85,F96) -> 0 | G107: =SUM(G8,G19,G30,G41,G52,G63,G74,G85,G96) -> 86 | H107: =SUM(H8,H19,H30,H41,H52,H63,H74,H85,H96) -> 10 | I107: =SUM(I8,I19,I30,I41,I52,I63,I74,I85,I96) -> 0 | J107: =SUM(J8,J19,J30,J41,J52,J63,J74,J85,J96) -> 0 | ... N107: =SUM(N8,N19,N30,N41,N52,N63,N74,N85,N96) -> 0 | O107: =SUM(C107,G107,K107) -> 378 | P107: =SUM(D107,H107,L107) -> 16 | Q107: =IF(P107=0,"-",SUM(Q8,Q19,Q30,Q41,Q52,Q63,Q74,Q85,Q96)) -> 0 | R107: =IF(P107=0,"-",SUM(R8,R19,R30,R41,R52,R63,R74,R85,R96)) -> 0 | S107: =SUM(S8,S19,S30,S41,S52,S63,S74,S85,S96) -> 0 | T107: =IF(P107=0,"-",(P107-S107)) -> 16 | U107: =IF(P107=0,"-",(1-(T107/P107))) -> 0
B108: Disjuntores com extinção de arco em OMI (PVO e GVO) | C108: =SUM(C9,C20,C31,C42,C53,C64,C75,C86,C97) -> 96 | D108: =SUM(D9,D20,D31,D42,D53,D64,D75,D86,D97) -> 99 | E108: =SUM(E9,E20,E31,E42,E53,E64,E75,E86,E97) -> 90 | F108: =SUM(F9,F20,F31,F42,F53,F64,F75,F86,F97) -> 1 | G108: =SUM(G9,G20,G31,G42,G53,G64,G75,G86,G97) -> 52 | H108: =SUM(H9,H20,H31,H42,H53,H64,H75,H86,H97) -> 25 | I108: =SUM(I9,I20,I31,I42,I53,I64,I75,I86,I97) -> 23 | J108: =SUM(J9,J20,J31,J42,J53,J64,J75,J86,J97) -> 0 | ... N108: =SUM(N9,N20,N31,N42,N53,N64,N75,N86,N97) -> 0 | O108: =SUM(C108,G108,K108) -> 185 | P108: =SUM(D108,H108,L108) -> 148 | Q108: =IF(P108=0,"-",SUM(Q9,Q20,Q31,Q42,Q53,Q64,Q75,Q86,Q97)) -> 117 | R108: =IF(P108=0,"-",SUM(R9,R20,R31,R42,R53,R64,R75,R86,R97)) -> 1 | S108: =SUM(S9,S20,S31,S42,S53,S64,S75,S86,S97) -> 118 | T108: =IF(P108=0,"-",(P108-S108)) -> 30 | U108: =IF(P108=0,"-",(1-(T108/P108))) -> 0.7972973
B109: Religadores | C109: =SUM(C10,C21,C32,C43,C54,C65,C76,C87,C98) -> 5 | D109: =SUM(D10,D21,D32,D43,D54,D65,D76,D87,D98) -> 7 | E109: =SUM(E10,E21,E32,E43,E54,E65,E76,E87,E98) -> 4 | F109: =SUM(F10,F21,F32,F43,F54,F65,F76,F87,F98) -> 0 | G109: =SUM(G10,G21,G32,G43,G54,G65,G76,G87,G98) -> 556 | H109: =SUM(H10,H21,H32,H43,H54,H65,H76,H87,H98) -> 456 | I109: =SUM(I10,I21,I32,I43,I54,I65,I76,I87,I98) -> 270 | J109: =SUM(J10,J21,J32,J43,J54,J65,J76,J87,J98) -> 181 | ... N109: =SUM(N10,N21,N32,N43,N54,N65,N76,N87,N98) -> 0 | O109: =SUM(C109,G109,K109) -> 621 | P109: =SUM(D109,H109,L109) -> 463 | Q109: =IF(P109=0,"-",SUM(Q10,Q21,Q32,Q43,Q54,Q65,Q76,Q87,Q98)) -> 274 | R109: =IF(P109=0,"-",SUM(R10,R21,R32,R43,R54,R65,R76,R87,R98)) -> 181 | S109: =SUM(S10,S21,S32,S43,S54,S65,S76,S87,S98) -> 455 | T109: =IF(P109=0,"-",(P109-S109)) -> 8 | U109: =IF(P109=0,"-",(1-(T109/P109))) -> 0.98272138
B110: Reguladores de tensão de rede | C110: =SUM(C11,C22,C33,C44,C55,C66,C77,C88,C99) -> 21 | D110: =SUM(D11,D22,D33,D44,D55,D66,D77,D88,D99) -> 17 | E110: =SUM(E11,E22,E33,E44,E55,E66,E77,E88,E99) -> 8 | F110: =SUM(F11,F22,F33,F44,F55,F66,F77,F88,F99) -> 0 | G110: =SUM(G11,G22,G33,G44,G55,G66,G77,G88,G99) -> 1696 | H110: =SUM(H11,H22,H33,H44,H55,H66,H77,H88,H99) -> 1855 | I110: =SUM(I11,I22,I33,I44,I55,I66,I77,I88,I99) -> 1303 | J110: =SUM(J11,J22,J33,J44,J55,J66,J77,J88,J99) -> 806 | ... N110: =SUM(N11,N22,N33,N44,N55,N66,N77,N88,N99) -> 7 | O110: =SUM(C110,G110,K110) -> 2390 | P110: =SUM(D110,H110,L110) -> 2066 | Q110: =IF(P110=0,"-",SUM(Q11,Q22,Q33,Q44,Q55,Q66,Q77,Q88,Q99)) -> 1330 | R110: =IF(P110=0,"-",SUM(R11,R22,R33,R44,R55,R66,R77,R88,R99)) -> 813 | S110: =SUM(S11,S22,S33,S44,S55,S66,S77,S88,S99) -> 1742 | T110: =IF(P110=0,"-",(P110-S110)) -> 324 | U110: =IF(P110=0,"-",(1-(T110/P110))) -> 0.84317522
B111: Outros equipamentos de pequeno porte e/ou rede | C111: =SUM(C12,C23,C34,C45,C56,C67,C78,C89,C100) -> 81 | D111: =SUM(D12,D23,D34,D45,D56,D67,D78,D89,D100) -> 294 | E111: =SUM(E12,E23,E34,E45,E56,E67,E78,E89,E100) -> 24 | F111: =SUM(F12,F23,F34,F45,F56,F67,F78,F89,F100) -> 109 | G111: =SUM(G12,G23,G34,G45,G56,G67,G78,G89,G100) -> 813 | H111: =SUM(H12,H23,H34,H45,H56,H67,H78,H89,H100) -> 837 | I111: =SUM(I12,I23,I34,I45,I56,I67,I78,I89,I100) -> 207 | J111: =SUM(J12,J23,J34,J45,J56,J67,J78,J89,J100) -> 516 | ... N111: =SUM(N12,N23,N34,N45,N56,N67,N78,N89,N100) -> 5 | O111: =SUM(C111,G111,K111) -> 1383 | P111: =SUM(D111,H111,L111) -> 1445 | Q111: =IF(P111=0,"-",SUM(Q12,Q23,Q34,Q45,Q56,Q67,Q78,Q89,Q100)) -> 286 | R111: =IF(P111=0,"-",SUM(R12,R23,R34,R45,R56,R67,R78,R89,R100)) -> 630 | S111: =SUM(S12,S23,S34,S45,S56,S67,S78,S89,S100) -> 799 | T111: =IF(P111=0,"-",(P111-S111)) -> 646 | U111: =IF(P111=0,"-",(1-(T111/P111))) -> 0.55294118
B112: TOTAIS | C112: =SUM(C107:C111) -> 203 | D112: =SUM(D107:D111) -> 417 | E112: =SUM(E107:E111) -> 126 | F112: =SUM(F107:F111) -> 110 | G112: =SUM(G107:G111) -> 3203 | H112: =SUM(H107:H111) -> 3183 | I112: =SUM(I107:I111) -> 1803 | J112: =SUM(J107:J111) -> 1503 | ... T112: =SUM(T107:T111) -> 1024 | U112: =IF(P112=0,"-",(1-(T112/P112))) -> 0.75253746

Sheet Planilha2
C1: Informações | D1: Linkagem do laudo
B2: EMS
B3: EAC
B4: EMT
B5: ESE
B6: ESS
B7: ETO
B8: ERO
B9: EMR
B10: EPB

Sheet EMS
B1: Informações de Testes Realizados
B4: =_xlfn.CONCAT("Transformadores de Rede Subterrânea",TEXT(IF(SUM(J11:J13)=0," ",(SUM(H11:H13)/SUM(J11:J13))), " 0,00%")) -> Transformadores de Rede Subterrânea
B5: ID | C5: Sub-Família | D5: Descrição | F5: N. Série | G5: Tombamento | H5: Ano de Fabricação | I5: N. Operativo | J5: Data Análise | K5: Tipo Análise | L5: Resultado | M5: Evidência de Teste
B6: =IF(C6="","",ROW($A$1))
B7: =IF(C7="","",(B6+1))
B8: =IF(C8="","",(B7+1))
B9: Totais
B10: Sub-Família | C10: Equipamentos | D10: Isentos | E10: Não Contaminados | F10: Contaminados | G10: PCB | H10: Testes Realizados | I10: Tx. Contaminação | J10: Meta Manual | K10: Avanço 24 | L10: Avanço 25 | M10: Avanço Meta Manual
B11: Até 1988 | C11: =COUNTIFS(B6:B8,">"&0,C6:C8,"="&B11) -> 0 | D11: =COUNTIFS(B6:B8,">="&1,C6:C8,B11,L6:L8,"<"&2,L6:L8,">="&0) -> 0 | E11: =COUNTIFS(B6:B8,">="&1,C6:C8,B11,L6:L8,">="&2,L6:L8,"<"&50) -> 0 | F11: =_xlfn.CONCAT(COUNTIFS(B6:B8,">="&1,C6:C8,B11,L6:L8,">="&50,L6:L8,"<"&500)," - ",TEXT((COUNTIFS(B6:B8,">="&1,C6:C8,B11,L6:L8,">="&50,L6:L8,"<"&500)/IF(H11=0,1,H11)),"0,0%")) -> 0 - 0,0% | G11: =_xlfn.CONCAT(COUNTIFS(B6:B8,">="&1,C6:C8,B11,L6:L8,">="&500)," - ",TEXT((COUNTIFS(B6:B8,">="&1,C6:C8,B11,L6:L8,">="&500)/IF(H11=0,1,H11)),"0,0%")) -> 0 - 0,0% | H11: =COUNTIFS(B6:B8,">="&1,C6:C8,B11,L6:L8,">="&0,J6:J8,">"&DATE(2021,1,1)) -> 0 | I11: =IF(H11=0,"-",(COUNTIFS(B6:B8,">="&1,J6:J8,"<>"&"",L6:L8,">="&50)/H11)) -> - | J11: =IF((COUNTIFS(B6:B8,">="&1,C6:C8,"="&B11))>228,228,(COUNTIFS(B6:B8,">="&1,C6:C8,"="&B11))) -> 0 | K11: =IF(J11=0,"-",(COUNTIFS(C6:C8,"="&B11,J6:J8,"<="&DATE(2024,12,31),L6:L8,">="&0)/J11)) -> - | L11: =IF(J11=0,"-",IF(K11=1,"-",(COUNTIFS(B6:B8,">"&0,C6:C8,"="&B11,J6:J8,">"&DATE(2024,12,31),L6:L8,">="&0)/(J11-COUNTIFS(B6:B8,">"&0,C6:C8,"="&B11,J6:J8,"<="&DATE(2024,12,31),L6:L8,">="&0))))) -> - | M11: =IF(J11=0,"-",H11/J11) -> -
B12: Após 1988 | C12: =COUNTIFS(B6:B8,">"&0,C6:C8,"="&B12) -> 0 | D12: =COUNTIFS(B6:B8,">="&1,C6:C8,B12,L6:L8,"<"&2,L6:L8,">="&0) -> 0 | E12: =COUNTIFS(B6:B8,">="&1,C6:C8,B12,L6:L8,">="&2,L6:L8,"<"&50) -> 0 | F12: =_xlfn.CONCAT(COUNTIFS(B6:B8,">="&1,C6:C8,B12,L6:L8,">="&50,L6:L8,"<"&500)," - ",TEXT((COUNTIFS(B6:B8,">="&1,C6:C8,B12,L6:L8,">="&50,L6:L8,"<"&500)/IF(H12=0,1,H12)),"0,0%")) -> 0 - 0,0% | G12: =_xlfn.CONCAT(COUNTIFS(B6:B8,">="&1,C6:C8,B12,L6:L8,">="&500)," - ",TEXT((COUNTIFS(B6:B8,">="&1,C6:C8,B12,L6:L8,">="&500)/IF(H12=0,1,H12)),"0,0%")) -> 0 - 0,0% | H12: =COUNTIFS(B6:B8,">="&1,C6:C8,B12,L6:L8,">="&0,J6:J8,">"&DATE(2021,1,1)) -> 0 | I12: =IF(H12=0,"-",(COUNTIFS(B6:B8,">="&1,J6:J8,"<>"&"",L6:L8,">="&50)/H12)) -> - | J12: =IF((COUNTIFS(B6:B8,">="&1,C6:C8,"="&B12))>228,228,(COUNTIFS(B6:B8,">="&1,C6:C8,"="&B12))) -> 0 | K12: =IF(J12=0,"-",(COUNTIFS(C6:C8,"="&B12,J6:J8,"<="&DATE(2024,12,31),L6:L8,">="&0)/J12)) -> - | L12: =IF(J12=0,"-",IF(K12=1,"-",(COUNTIFS(B6:B8,">"&0,C6:C8,"="&B12,J6:J8,">"&DATE(2024,12,31),L6:L8,">="&0)/(J12-COUNTIFS(B6:B8,">"&0,C6:C8,"="&B12,J6:J8,"<="&DATE(2024,12,31),L6:L8,">="&0))))) -> - | M12: =IF(J12=0,"-",H12/J12) -> -
B13: Sem Info | C13: =COUNTIFS(B6:B8,">"&0,C6:C8,"="&B13) -> 0 | D13: =COUNTIFS(B6:B8,">="&1,C6:C8,B13,L6:L8,"<"&2,L6:L8,">="&0) -> 0 | E13: =COUNTIFS(B6:B8,">="&1,C6:C8,B13,L6:L8,">="&2,L6:L8,"<"&50) -> 0 | F13: =_xlfn.CONCAT(COUNTIFS(B6:B8,">="&1,C6:C8,B13,L6:L8,">="&50,L6:L8,"<"&500)," - ",TEXT((COUNTIFS(B6:B8,">="&1,C6:C8,B13,L6:L8,">="&50,L6:L8,"<"&500)/IF(H13=0,1,H13)),"0,0%")) -> 0 - 0,0% | G13: =_xlfn.CONCAT(COUNTIFS(B6:B8,">="&1,C6:C8,B13,L6:L8,">="&500)," - ",TEXT((COUNTIFS(B6:B8,">="&1,C6:C8,B13,L6:L8,">="&500)/IF(H13=0,1,H13)),"0,0%")) -> 0 - 0,0% | H13: =COUNTIFS(B6:B8,">="&1,C6:C8,B13,L6:L8,">="&0,J6:J8,">"&DATE(2021,1,1)) -> 0 | I13: =IF(H13=0,"-",(COUNTIFS(B6:B8,">="&1,J6:J8,"<>"&"",L6:L8,">="&50)/H13)) -> - | J13: =IF((COUNTIFS(B6:B7,">="&1,C6:C7,"="&B13))>228,228,(COUNTIFS(B6:B7,">="&1,C6:C7,"="&B13))) -> 0 | K13: =IF(J13=0,"-",(COUNTIFS(C6:C8,"="&B13,J6:J8,"<="&DATE(2024,12,31),L6:L8,">="&0)/J13)) -> - | L13: =IF(J13=0,"-",IF(K13=1,"-",(COUNTIFS(B6:B8,">"&0,C6:C8,"="&B13,J6:J8,">"&DATE(2024,12,31),L6:L8,">="&0)/(J13-COUNTIFS(B6:B8,">"&0,C6:C8,"="&B13,J6:J8,"<="&DATE(2024,12,31),L6:L8,">="&0))))) -> - | M13: =IF(J13=0,"-",H13/J13) -> -
B14: Totais | C14: =SUM(C11:C13) -> 0 | D14: =SUM(D11:D13) -> 0 | E14: =SUM(E11:E13) -> 0 | F14: =COUNTIFS(B6:B8,">="&1,L6:L8,">="&50,L6:L8,"<"&500) -> 0 | G14: =COUNTIFS(B6:B8,">="&1,L6:L8,">="&500) -> 0 | H14: =SUM(H11:H13) -> 0 | I14: =IF(H14=0,"-",(SUM(F14,G14)/H14)) -> - | J14: =SUM(J11:J13) -> 0 | K14: =IF(J14=0,"-",(COUNTIFS(J6:J8,"<="&DATE(2024,12,31),L6:L8,">="&0)/J14)) -> - | L14: =IF(J14=0,"-",IF(K14=1,"-",(COUNTIFS(B6:B8,">"&0,J6:J8,">"&DATE(2024,12,31),L6:L8,">="&0)/(J14-COUNTIFS(B6:B8,">"&0,J6:J8,"<="&DATE(2024,12,31),L6:L8,">="&0))))) -> - | M14: =IF(J14=0,"-",H14/J14) -> -
B17: =_xlfn.CONCAT("Disjuntores com extinção de arco OMI (PVO e GVO)",TEXT(IF(SUM(J51:J53)=0," ",(SUM(H51:H53)/SUM(J51:J53))), " 0,00%")) -> Disjuntores com extinção de arco OMI (PVO e GVO)
B18: ID | C18: Sub-Família | E18: Descrição | F18: N. Série | G18: Tombamento | H18: Ano de Fabricação | I18: N. Operativo | J18: Data Análise | K18: Tipo Análise | L18: Resultado | M18: Evidência de Teste
B19: =IF(C19="","",ROW($A$1))
B20: =IF(C20="","",B19+1)
B21: =IF(C21="","",B20+1)
B22: =IF(C22="","",B21+1)
B23: =IF(C23="","",B22+1)
B24: =IF(C24="","",B23+1)
B25: =IF(C25="","",B24+1)
B26: =IF(C26="","",B25+1)
B27: =IF(C27="","",B26+1)
B28: =IF(C28="","",B27+1)
B29: =IF(C29="","",B28+1)
B30: =IF(C30="","",B29+1)
B31: =IF(C31="","",B30+1)
... B48: =IF(C48="","",B47+1)
B49: Totais
B50: Sub-Família | C50: Equipamentos | D50: Isentos | E50: Não Contaminados | F50: Contaminados | G50: PCB | H50: Testes Realizados | I50: Tx. Contaminação | J50: Meta Manual | K50: Avanço 24 | L50: Avanço 25 | M50: Avanço Meta Manual
B51: Até 1988 | C51: =COUNTIFS(B19:B48,">"&0,C19:C48,"="&B51) -> 0 | E51: =COUNTIFS(B19:B48,">="&1,C19:C48,B51,L19:L48,">="&0,L19:L48,"<"&50) -> 0 | F51: =COUNTIFS(B19:B48,">="&1,C19:C48,B51,L19:L48,">="&50,L19:L48,"<"&500) -> 0 | G51: =COUNTIFS(B19:B48,">="&1,C19:C48,B51,L19:L48,">="&500) -> 0 | H51: =COUNTIFS(B19:B48,">="&1,C19:C48,B51,L19:L48,">="&0,J19:J48,">"&DATE(2021,1,1)) -> 0 | I51: =IF(H51=0,"-",(SUM(F51,G51)/H51)) -> - | J51: =IF((COUNTIFS(B19:B48,">="&1,C19:C48,"="&B51))>228,228,(COUNTIFS(B19:B48,">="&1,C19:C48,"="&B51))) -> 0 | K51: =IF(J51=0,"-",(COUNTIFS(C19:C48,"="&B51,J19:J48,"<="&DATE(2024,12,31),L19:L48,">="&0)/J51)) -> - | L51: =IF(J51=0,"-",IF(K51=1,"-",(COUNTIFS(B19:B48,">"&0,C19:C48,"="&B51,J19:J48,">"&DATE(2024,12,31),L19:L48,">="&0)/(J51-COUNTIFS(B19:B48,">"&0,C19:C48,"="&B51,J19:J48,"<="&DATE(2024,12,31),L19:L48,">="&0))))) -> - | M51: =IF(J51=0,"-",H51/J51) -> -
B52: Após 1988 | C52: =COUNTIFS(B19:B48,">"&0,C19:C48,"="&B52) -> 0 | E52: =COUNTIFS(B19:B48,">="&1,C19:C48,B52,L19:L48,">="&0,L19:L48,"<"&50) -> 0 | F52: =COUNTIFS(B19:B48,">="&1,C19:C48,B52,L19:L48,">="&50,L19:L48,"<"&500) -> 0 | G52: =COUNTIFS(B19:B48,">="&1,C19:C48,B52,L19:L48,">="&500) -> 0 | H52: =COUNTIFS(B19:B48,">="&1,C19:C48,B52,L19:L48,">="&0,J19:J48,">"&DATE(2021,1,1)) -> 0 | I52: =IF(H52=0,"-",(SUM(F52,G52)/H52)) -> - | J52: =IF((COUNTIFS(B19:B48,">="&1,C19:C48,"="&B52))>228,228,(COUNTIFS(B19:B48,">="&1,C19:C48,"="&B52))) -> 0 | K52: =IF(J52=0,"-",(COUNTIFS(C19:C48,"="&B52,J19:J48,"<="&DATE(2024,12,31),L19:L48,">="&0)/J52)) -> - | L52: =IF(J52=0,"-",IF(K52=1,"-",(COUNTIFS(B19:B48,">"&0,C19:C48,"="&B52,J19:J48,">"&DATE(2024,12,31),L19:L48,">="&0)/(J52-COUNTIFS(B19:B48,">"&0,C19:C48,"="&B52,J19:J48,"<="&DATE(2024,12,31),L19:L48,">="&0))))) -> - | M52: =IF(J52=0,"-",H52/J52) -> -
B53: Sem Info | C53: =COUNTIFS(B19:B48,">"&0,C19:C48,"="&B53) -> 0 | E53: =COUNTIFS(B19:B48,">="&1,C19:C48,B53,L19:L48,">="&0,L19:L48,"<"&50) -> 0 | F53: =COUNTIFS(B19:B48,">="&1,C19:C48,B53,L19:L48,">="&50,L19:L48,"<"&500) -> 0 | G53: =COUNTIFS(B19:B47,">="&1,C19:C47,B53,L19:L47,">="&500) -> 0 | H53: =COUNTIFS(B19:B48,">="&1,C19:C48,B53,L19:L48,">="&0,J19:J48,">"&DATE(2021,1,1)) -> 0 | I53: =IF(H53=0,"-",(SUM(F53,G53)/H53)) -> - | J53: =IF((COUNTIFS(B19:B47,">="&1,C19:C47,"="&B53))>228,228,(COUNTIFS(B19:B47,">="&1,C19:C47,"="&B53))) -> 0 | K53: =IF(J53=0,"-",(COUNTIFS(C19:C48,"="&B53,J19:J48,"<="&DATE(2024,12,31),L19:L48,">="&0)/J53)) -> - | L53: =IF(J53=0,"-",IF(K53=1,"-",(COUNTIFS(B19:B48,">"&0,C19:C48,"="&B53,J19:J48,">"&DATE(2024,12,31),L19:L48,">="&0)/(J53-COUNTIFS(B19:B48,">"&0,C19:C48,"="&B53,J19:J48,"<="&DATE(2024,12,31),L19:L48,">="&0))))) -> - | M53: =IF(J53=0,"-",H53/J53) -> -
B54: Totais | C54: =SUM(C51:C53) -> 0 | E54: =SUM(E51:E53) -> 0 | F54: =SUM(F51:F53) -> 0 | G54: =SUM(G51:G53) -> 0 | H54: =SUM(H51:H53) -> 0 | I54: =IF(H54=0,"-",(SUM(F54,G54)/H54)) -> - | J54: =SUM(J51:J53) -> 0 | K54: =IF(J54=0,"-",(COUNTIFS(J19:J48,"<="&DATE(2024,12,31),L19:L48,">="&0)/J54)) -> - | L54: =IF(J54=0,"-",IF(K54=1,"-",(COUNTIFS(B19:B48,">"&0,J19:J48,">"&DATE(2024,12,31),L19:L48,">="&0)/(J54-COUNTIFS(B19:B48,">"&0,J19:J48,"<="&DATE(2024,12,31),L19:L48,">="&0))))) -> - | M54: =IF(J54=0,"-",H54/J54) -> -
B57: =_xlfn.CONCAT("Religadores",TEXT(IF(SUM(J83:J85)=0," ",(SUM(H83:H85)/SUM(J83:J85))), " 0,00%")) -> Religadores
B58: ID | C58: Sub-Família | E58: Descrição | F58: N. Série | G58: Tombamento | H58: Ano de Fabricação | I58: N. Operativo | J58: Data Análise | K58: Tipo Análise | L58: Resultado | M58: Evidência de Teste
B59: =IF(C59="","",ROW($A$1))
B60: =IF(C60="","",(B59+1))
B61: =IF(C61="","",(B60+1))
B62: =IF(C62="","",(B61+1))
B63: =IF(C63="","",(B62+1))
B64: =IF(C64="","",(B63+1))
B65: =IF(C65="","",(B64+1))
B66: =IF(C66="","",(B65+1))
B67: =IF(C67="","",(B66+1))
B68: =IF(C68="","",(B67+1))
B69: =IF(C69="","",(B68+1))
B70: =IF(C70="","",(B69+1))
B71: =IF(C71="","",(B70+1))
... B80: =IF(C80="","",(B79+1))
B81: Totais
B82: Sub-Família | C82: Equipamentos | D82: Isentos | E82: Não Contaminados | F82: Contaminados | G82: PCB | H82: Testes Realizados | I82: Tx. Contaminação | J82: Meta Manual | K82: Avanço 24 | L82: Avanço 25 | M82: Avanço Meta Manual
B83: Até 1988 | C83: =COUNTIFS(B59:B80,">"&0,C59:C80,"="&B83) -> 0 | E83: =COUNTIFS(B59:B80,">="&1,C59:C80,B83,L59:L80,">="&0,L59:L80,"<"&50) -> 0 | F83: =COUNTIFS(B59:B80,">="&1,C59:C80,B83,L59:L80,">="&50,L59:L80,"<"&500) -> 0 | G83: =COUNTIFS(B59:B80,">="&1,C59:C80,B83,L59:L80,">="&500) -> 0 | H83: =COUNTIFS(B59:B80,">="&1,C59:C80,B83,L59:L80,">="&0,J59:J80,">"&DATE(2021,1,1)) -> 0 | I83: =IF(H83=0,"-",(SUM(F83,G83)/H83)) -> - | J83: =IF((COUNTIFS(B59:B80,">="&1,C59:C80,"="&B83))>228,228,(COUNTIFS(B59:B80,">="&1,C59:C80,"="&B83))) -> 0 | K83: =IF(J83=0,"-",(COUNTIFS(C59:C80,"="&B83,J59:J80,"<="&DATE(2024,12,31),L59:L80,">="&0)/J83)) -> - | L83: =IF(J83=0,"-",IF(K83=1,"-",(COUNTIFS(B59:B80,">"&0,C59:C80,"="&B83,J59:J80,">"&DATE(2024,12,31),L59:L80,">="&0)/(J83-COUNTIFS(B59:B80,">"&0,C59:C80,"="&B83,J59:J80,"<="&DATE(2024,12,31),L59:L80,">="&0))))) -> - | M83: =IF(J83=0,"-",H83/J83) -> -
B84: Após 1988 | C84: =COUNTIFS(B59:B80,">"&0,C59:C80,"="&B84) -> 0 | E84: =COUNTIFS(B59:B80,">="&1,C59:C80,B84,L59:L80,">="&0,L59:L80,"<"&50) -> 0 | F84: =COUNTIFS(B59:B80,">="&1,C59:C80,B84,L59:L80,">="&50,L59:L80,"<"&500) -> 0 | G84: =COUNTIFS(B59:B80,">="&1,C59:C80,B84,L59:L80,">="&500) -> 0 | H84: =COUNTIFS(B59:B80,">="&1,C59:C80,B84,L59:L80,">="&0,J59:J80,">"&DATE(2021,1,1)) -> 0 | I84: =IF(H84=0,"-",(SUM(F84,G84)/H84)) -> - | J84: =IF((COUNTIFS(B59:B80,">="&1,C59:C80,"="&B84))>228,228,(COUNTIFS(B59:B80,">="&1,C59:C80,"="&B84))) -> 0 | K84: =IF(J84=0,"-",(COUNTIFS(C59:C80,"="&B84,J59:J80,"<="&DATE(2024,12,31),L59:L80,">="&0)/J84)) -> - | L84: =IF(J84=0,"-",IF(K84=1,"-",(COUNTIFS(B59:B80,">"&0,C59:C80,"="&B84,J59:J80,">"&DATE(2024,12,31),L59:L80,">="&0)/(J84-COUNTIFS(B59:B80,">"&0,C59:C80,"="&B84,J59:J80,"<="&DATE(2024,12,31),L59:L80,">="&0))))) -> - | M84: =IF(J84=0,"-",H84/J84) -> -
B85: Sem Info | C85: =COUNTIFS(B59:B80,">"&0,C59:C80,"="&B85) -> 0 | E85: =COUNTIFS(B59:B80,">="&1,C59:C80,B85,L59:L80,">="&0,L59:L80,"<"&50) -> 0 | F85: =COUNTIFS(B59:B80,">="&1,C59:C80,B85,L59:L80,">="&50,L59:L80,"<"&500) -> 0 | G85: =COUNTIFS(B59:B60,">="&1,C59:C60,B85,L59:L60,">="&500) -> 0 | H85: =COUNTIFS(B59:B80,">="&1,C59:C80,B85,L59:L80,">="&0,J59:J80,">"&DATE(2021,1,1)) -> 0 | I85: =IF(H85=0,"-",(SUM(F85,G85)/H85)) -> - | J85: =IF((COUNTIFS(B59:B60,">="&1,C59:C60,"="&B85))>228,228,(COUNTIFS(B59:B60,">="&1,C59:C60,"="&B85))) -> 0 | K85: =IF(J85=0,"-",(COUNTIFS(C59:C80,"="&B85,J59:J80,"<="&DATE(2024,12,31),L59:L80,">="&0)/J85)) -> - | L85: =IF(J85=0,"-",IF(K85=1,"-",(COUNTIFS(B59:B80,">"&0,C59:C80,"="&B85,J59:J80,">"&DATE(2024,12,31),L59:L80,">="&0)/(J85-COUNTIFS(B59:B80,">"&0,C59:C80,"="&B85,J59:J80,"<="&DATE(2024,12,31),L59:L80,">="&0))))) -> - | M85: =IF(J85=0,"-",H85/J85) -> -
B86: Totais | C86: =SUM(C83:C85) -> 0 | E86: =SUM(E83:E85) -> 0 | F86: =SUM(F83:F85) -> 0 | G86: =SUM(G83:G85) -> 0 | H86: =SUM(H83:H85) -> 0 | I86: =IF(H86=0,"-",(SUM(F86,G86)/H86)) -> - | J86: =SUM(J83:J85) -> 0 | K86: =IF(J86=0,"-",(COUNTIFS(J59:J80,"<="&DATE(2024,12,31),L59:L80,">="&0)/J86)) -> - | L86: =IF(J86=0,"-",IF(K86=1,"-",(COUNTIFS(B59:B80,">"&0,J59:J80,">"&DATE(2024,12,31),L59:L80,">="&0)/(J86-COUNTIFS(B59:B80,">"&0,J59:J80,"<="&DATE(2024,12,31),L59:L80,">="&0))))) -> - | M86: =IF(J86=0,"-",H86/J86) -> -
B89: =_xlfn.CONCAT("Reguladores de Tensão",TEXT(IF(SUM(J345:J347)=0," ",(SUM(H345:H347)/SUM(J345:J347))), " 0,00%")) -> Reguladores de Tensão 100,00%
B90: ID | C90: Sub-Família | E90: Descrição | F90: N. Série | G90: Tombamento | H90: Ano de Fabricação | I90: N. Operativo | J90: Data Análise | K90: Tipo Análise | L90: Resultado | M90: Evidência de Teste
B91: =IF(C91="","",ROW($A$1)) -> 1 | C91: =IF(H91="","",IF(H91="SEM DATA","Sem Info",IF(H91>DATE(1988,12,31),"Após 1988","Até 1988"))) -> Após 1988 | E91: REGULADOR DE TENSÃO 36KV/200kVA | F91: 1010003088400-2 | H91: 38261 | J91: 45505 | K91: Cromatográfica | L91: 39 | M91: 100/2024
B92: =IF(C92="","",(B91+1)) -> 2 | C92: =IF(H92="","",IF(H92="SEM DATA","Sem Info",IF(H92>DATE(1988,12,31),"Após 1988","Até 1988"))) -> Após 1988 | E92: REGULADOR DE TENSÃO 36KV/200kVA | F92: 1010004004400-1 | H92: 38565 | J92: 45505 | K92: Cromatográfica | L92: 42 | M92: 115/2024
B93: =IF(C93="","",(B92+1)) -> 3 | C93: =IF(H93="","",IF(H93="SEM DATA","Sem Info",IF(H93>DATE(1988,12,31),"Após 1988","Até 1988"))) -> Após 1988 | E93: REGULADOR DE TENSÃO 36KV/200kVA | F93: 1010004004400-2 | H93: 38565 | J93: 45505 | K93: Cromatográfica | L93: 27 | M93: 116/2024
B94: =IF(C94="","",(B93+1)) -> 4 | C94: =IF(H94="","",IF(H94="SEM DATA","Sem Info",IF(H94>DATE(1988,12,31),"Após 1988","Até 1988"))) -> Após 1988 | E94: REGULADOR DE TENSÃO 36KV/200kVA | F94: 1010004004400-3 | H94: 38565 | J94: 45505 | K94: Cromatográfica | L94: 42 | M94: 114/2024
B95: =IF(C95="","",(B94+1)) -> 5 | C95: =IF(H95="","",IF(H95="SEM DATA","Sem Info",IF(H95>DATE(1988,12,31),"Após 1988","Até 1988"))) -> Após 1988 | E95: REGULADOR DE TENSÃO 36KV/200kVA | F95: 10293 | H95: 42248 | J95: 45504 | K95: Cromatográfica | L95: 0 | M95: 111/2024
B96: =IF(C96="","",(B95+1)) -> 6 | C96: =IF(H96="","",IF(H96="SEM DATA","Sem Info",IF(H96>DATE(1988,12,31),"Após 1988","Até 1988"))) -> Após 1988 | E96: REGULADOR DE TENSÃO 36KV/200kVA | F96: 10294 | H96: 42248 | J96: 45504 | K96: Cromatográfica | L96: 0 | M96: 112/2024
B97: =IF(C97="","",(B96+1)) -> 7 | C97: =IF(H97="","",IF(H97="SEM DATA","Sem Info",IF(H97>DATE(1988,12,31),"Após 1988","Até 1988"))) -> Após 1988 | E97: REGULADOR DE TENSÃO 36KV/200kVA | F97: 10295 | H97: 42248 | J97: 45504 | K97: Cromatográfica | L97: 0 | M97: 113/2024
B98: =IF(C98="","",(B97+1)) -> 8 | C98: =IF(H98="","",IF(H98="SEM DATA","Sem Info",IF(H98>DATE(1988,12,31),"Após 1988","Até 1988"))) -> Após 1988 | E98: REGULADOR DE TENSÃO 36KV/400kVA | F98: 11117 | H98: 42461 | J98: 45488 | K98: Cromatográfica | L98: 0 | M98: 70/2024
B99: =IF(C99="","",(B98+1)) -> 9 | C99: =IF(H99="","",IF(H99="SEM DATA","Sem Info",IF(H99>DATE(1988,12,31),"Após 1988","Até 1988"))) -> Após 1988 | E99: REGULADOR DE TENSÃO 15KV/276kVA | F99: 14232 | H99: 43132 | J99: 45503 | K99: Cromatográfica | L99: 79 | M99: 102/2024
B100: =IF(C100="","",(B99+1)) -> 10 | C100: =IF(H100="","",IF(H100="SEM DATA","Sem Info",IF(H100>DATE(1988,12,31),"Após 1988","Até 1988"))) -> Após 1988 | E100: REGULADOR DE TENSÃO 15KV/276kVA | F100: 14233 | H100: 43132 | J100: 45503 | K100: Cromatográfica | L100: 0 | M100: 104/2024
B101: =IF(C101="","",(B100+1)) -> 11 | C101: =IF(H101="","",IF(H101="SEM DATA","Sem Info",IF(H101>DATE(1988,12,31),"Após 1988","Até 1988"))) -> Após 1988 | E101: REGULADOR DE TENSÃO 15KV/276kVA | F101: 14243 | H101: 43132 | J101: 45503 | K101: Cromatográfica | L101: 0 | M101: 103/2024
B102: =IF(C102="","",(B101+1)) -> 12 | C102: =IF(H102="","",IF(H102="SEM DATA","Sem Info",IF(H102>DATE(1988,12,31),"Após 1988","Até 1988"))) -> Após 1988 | E102: REGULADOR DE TENSÃO 15KV/276kVA | F102: 14245 | H102: 43132 | J102: 45504 | K102: Cromatográfica | L102: 0 | M102: 117/2024
B103: =IF(C103="","",(B102+1)) -> 13 | C103: =IF(H103="","",IF(H103="SEM DATA","Sem Info",IF(H103>DATE(1988,12,31),"Após 1988","Até 1988"))) -> Após 1988 | E103: REGULADOR DE TENSÃO 15KV/276kVA | F103: 14247 | H103: 43132 | J103: 45504 | K103: Cromatográfica | L103: 5 | M103: 118/2024
B104: =IF(C104="","",(B103+1)) -> 14 | C104: =IF(H104="","",IF(H104="SEM DATA","Sem Info",IF(H104>DATE(1988,12,31),"Após 1988","Até 1988"))) -> Após 1988 | E104: REGULADOR DE TENSÃO 15KV/138kVA | F104: 14253 | H104: 43132 | J104: 45504 | K104: Cromatográfica | L104: 0 | M104: 109/2024
B105: =IF(C105="","",(B104+1)) -> 15 | C105: =IF(H105="","",IF(H105="SEM DATA","Sem Info",IF(H105>DATE(1988,12,31),"Após 1988","Até 1988"))) -> Após 1988 | E105: REGULADOR DE TENSÃO 36KV/398kVA | F105: 14265 | H105: 43497 | J105: 45504 | K105: Cromatográfica | L105: 0 | M105: 119/2024
B106: =IF(C106="","",(B105+1)) -> 16 | C106: =IF(H106="","",IF(H106="SEM DATA","Sem Info",IF(H106>DATE(1988,12,31),"Após 1988","Até 1988"))) -> Após 1988 | E106: REGULADOR DE TENSÃO 36KV/398kVA | F106: 14266 | H106: 43132 | J106: 45504 | K106: Cromatográfica | L106: 0 | M106: 107/2024
... B115: =IF(C115="","",(B114+1)) -> 25 | C115: =IF(H115="","",IF(H115="SEM DATA","Sem Info",IF(H115>DATE(1988,12,31),"Após 1988","Até 1988"))) -> Após 1988 | E115: REGULADOR DE TENSÃO 36KV/200kVA | F115: 3124 | H115: 39600 | J115: 45503 | K115: Cromatográfica | L115: 27 | M115: 99/2024
B116: =IF(C116="","",(B115+1)) -> 26 | C116: =IF(H116="","",IF(H116="SEM DATA","Sem Info",IF(H116>DATE(1988,12,31),"Após 1988","Até 1988"))) -> Sem Info | E116: REGULADOR DE TENSÃO 15KV/138kVA | F116: 3374604821-9 | H116: SEM DATA | J116: 45503 | K116: Cromatográfica | L116: 114 | M116: 101/2024
B117: =IF(C117="","",(B116+1)) -> 27 | C117: =IF(H117="","",IF(H117="SEM DATA","Sem Info",IF(H117>DATE(1988,12,31),"Após 1988","Até 1988"))) -> Sem Info | E117: REGULADOR DE TENSÃO 15KV/138kVA | F117: 33746048214-9 | H117: SEM DATA | J117: 45505 | K117: Cromatográfica | L117: 47 | M117: 110/2024
B118: =IF(C118="","",(B117+1)) -> 28 | C118: =IF(H118="","",IF(H118="SEM DATA","Sem Info",IF(H118>DATE(1988,12,31),"Após 1988","Até 1988"))) -> Após 1988 | E118: REGULADOR DE TENSÃO 15KV/138kVA | F118: 3861 | H118: 39995 | J118: 45488 | K118: Cromatográfica | L118: 0 | M118: 73/2024
B119: =IF(C119="","",(B118+1)) -> 29 | C119: =IF(H119="","",IF(H119="SEM DATA","Sem Info",IF(H119>DATE(1988,12,31),"Após 1988","Até 1988"))) -> Após 1988 | E119: REGULADOR DE TENSÃO 36KV/400kVA | F119: 4974 | H119: 40513 | J119: 45488 | K119: Cromatográfica | L119: 134 | M119: 78/2024
B120: =IF(C120="","",(B119+1)) -> 30 | C120: =IF(H120="","",IF(H120="SEM DATA","Sem Info",IF(H120>DATE(1988,12,31),"Após 1988","Até 1988"))) -> Após 1988 | E120: REGULADOR DE TENSÃO 36KV/200kVA | F120: 5848 | H120: 40817 | J120: 45488 | K120: Cromatográfica | L120: 43 | M120: 74/2024
B121: =IF(C121="","",(B120+1)) -> 31 | C121: =IF(H121="","",IF(H121="SEM DATA","Sem Info",IF(H121>DATE(1988,12,31),"Após 1988","Até 1988"))) -> Após 1988 | E121: REGULADOR DE TENSÃO 36KV/400kVA | F121: 6460 | H121: 40603 | J121: 45488 | K121: Cromatográfica | L121: 101 | M121: 79/2024
B122: =IF(C122="","",(B121+1)) -> 32 | C122: =IF(H122="","",IF(H122="SEM DATA","Sem Info",IF(H122>DATE(1988,12,31),"Após 1988","Até 1988"))) -> Após 1988 | E122: REGULADOR DE TENSÃO 15KV/138kVA | F122: 6633 | H122: 41000 | J122: 45608 | K122: Cromatográfica | L122: 0 | M122: REG040/2024
B123: =IF(C123="","",(B122+1)) -> 33 | C123: =IF(H123="","",IF(H123="SEM DATA","Sem Info",IF(H123>DATE(1988,12,31),"Após 1988","Até 1988"))) -> Após 1988 | E123: REGULADOR DE TENSÃO 36KV/400kVA | F123: 8176 | H123: 41579 | J123: 45504 | K123: Cromatográfica | L123: 0 | M123: 108/2024
B124: =IF(C124="","",(B123+1)) -> 34 | C124: =IF(H124="","",IF(H124="SEM DATA","Sem Info",IF(H124>DATE(1988,12,31),"Após 1988","Até 1988"))) -> Após 1988 | E124: REGULADOR DE TENSÃO 36KV/400kVA | F124: E07100 | H124: 39173 | J124: 45488 | K124: Cromatográfica | L124: 17 | M124: 71/2024
B125: =IF(C125="","",(B124+1)) -> 35 | C125: =IF(H125="","",IF(H125="SEM DATA","Sem Info",IF(H125>DATE(1988,12,31),"Após 1988","Até 1988"))) -> Após 1988 | E125: REGULADOR DE TENSÃO 15KV/276kVA | F125: F04175 | H125: 38384 | J125: 45504 | K125: Cromatográfica | L125: 91 | M125: 105/2024
B126: =IF(C126="","",(B125+1)) -> 36 | C126: =IF(H126="","",IF(H126="SEM DATA","Sem Info",IF(H126>DATE(1988,12,31),"Após 1988","Até 1988"))) -> Após 1988 | E126: REGULADOR DE TENSÃO 36KV/200kVA | F126: F13126 | H126: 41518 | J126: 45488 | K126: Cromatográfica | L126: 0 | M126: 77/2024
B127: =IF(C127="","",(B126+1))
B128: =IF(C128="","",(B127+1))
B129: =IF(C129="","",(B128+1))
B130: =IF(C130="","",(B129+1)) | C130: =IF(H130="","",IF(H130="SEM DATA","Sem Info",IF(H130>DATE(1988,12,31),"Após 1988","Até 1988")))
B131: =IF(C131="","",(B130+1)) | C131: =IF(H131="","",IF(H131="SEM DATA","Sem Info",IF(H131>DATE(1988,12,31),"Após 1988","Até 1988")))
B132: =IF(C132="","",(B131+1)) | C132: =IF(H132="","",IF(H132="SEM DATA","Sem Info",IF(H132>DATE(1988,12,31),"Após 1988","Até 1988")))
B133: =IF(C133="","",(B132+1)) | C133: =IF(H133="","",IF(H133="SEM DATA","Sem Info",IF(H133>DATE(1988,12,31),"Após 1988","Até 1988")))
B134: =IF(C134="","",(B133+1)) | C134: =IF(H134="","",IF(H134="SEM DATA","Sem Info",IF(H134>DATE(1988,12,31),"Após 1988","Até 1988")))
B135: =IF(C135="","",(B134+1)) | C135: =IF(H135="","",IF(H135="SEM DATA","Sem Info",IF(H135>DATE(1988,12,31),"Após 1988","Até 1988")))
B136: =IF(C136="","",(B135+1)) | C136: =IF(H136="","",IF(H136="SEM DATA","Sem Info",IF(H136>DATE(1988,12,31),"Após 1988","Até 1988")))
B137: =IF(C137="","",(B136+1)) | C137: =IF(H137="","",IF(H137="SEM DATA","Sem Info",IF(H137>DATE(1988,12,31),"Após 1988","Até 1988")))
B138: =IF(C138="","",(B137+1)) | C138: =IF(H138="","",IF(H138="SEM DATA","Sem Info",IF(H138>DATE(1988,12,31),"Após 1988","Até 1988")))
B139: =IF(C139="","",(B138+1)) | C139: =IF(H139="","",IF(H139="SEM DATA","Sem Info",IF(H139>DATE(1988,12,31),"Após 1988","Até 1988")))
B140: =IF(C140="","",(B139+1)) | C140: =IF(H140="","",IF(H140="SEM DATA","Sem Info",IF(H140>DATE(1988,12,31),"Após 1988","Até 1988")))
...

Sheet EAC
B1: Informações de Testes Realizados
B4: =_xlfn.CONCAT("Transformadores de Rede Subterrânea",TEXT(IF(SUM(I11:I13)=0," ",(SUM(G11:G13)/SUM(I11:I13))), " 0,00%")) -> Transformadores de Rede Subterrânea
B5: ID | C5: Sub-Família | D5: Descrição | E5: N. Série | F5: Tombamento | G5: Ano de Fabricação | H5: N. Operativo | I5: Data Análise | J5: Tipo Análise | K5: Resultado | L5: Evidência de Teste
B6: =IF(C6="","",ROW($A$1))
B7: =IF(B6="","",(B6+1))
B9: Totais
B10: Sub-Família | C10: Equipamentos | D10: Não Contaminados | E10: Contaminados | F10: PCB | G10: Testes Realizados | H10: Tx. Contaminação | I10: Meta Manual | J10: Avanço 24 | K10: Avanço 25 | L10: Avanço Meta Manual
B11: Até 1988 | C11: =COUNTIFS(B6:B8,">"&0,C6:C8,"="&B11) -> 0 | D11: =COUNTIFS(B6:B8,">="&1,C6:C8,B11,K6:K8,">="&0,K6:K8,"<"&50) -> 0 | E11: =COUNTIFS(B6:B8,">="&1,C6:C8,B11,K6:K8,">="&50,K6:K8,"<"&500) -> 0 | F11: =COUNTIFS(B6:B8,">="&1,C6:C8,B11,K6:K8,">="&500) -> 0 | G11: =COUNTIFS(B6:B8,">="&1,C6:C8,B11,K6:K8,">="&0,I6:I8,">"&DATE(2021,1,1)) -> 0 | H11: =IF(G11=0,"-",(SUM(E11,F11)/G11)) -> - | I11: =IF((COUNTIFS(B6:B8,">="&1,C6:C8,"="&B11))>228,228,(COUNTIFS(B6:B8,">="&1,C6:C8,"="&B11))) -> 0 | J11: =IF(I11=0,"-",(COUNTIFS(C6:C8,"="&B11,I6:I8,"<="&DATE(2024,12,31),K6:K8,">="&0)/I11)) -> - | K11: =IF(I11=0,"-",IF(J11=1,"-",(COUNTIFS(B6:B8,">"&0,C6:C8,"="&B11,I6:I8,">"&DATE(2024,12,31),K6:K8,">="&0)/(I11-COUNTIFS(B6:B8,">"&0,C6:C8,"="&B11,I6:I8,"<="&DATE(2024,12,31),K6:K8,">="&0))))) -> - | L11: =IF(I11=0,"-",G11/I11) -> -
B12: Após 1988 | C12: =COUNTIFS(B6:B8,">"&0,C6:C8,"="&B12) -> 0 | D12: =COUNTIFS(B6:B8,">="&1,C6:C8,B12,K6:K8,">="&0,K6:K8,"<"&50) -> 0 | E12: =COUNTIFS(B6:B8,">="&1,C6:C8,B12,K6:K8,">="&50,K6:K8,"<"&500) -> 0 | F12: =COUNTIFS(B6:B8,">="&1,C6:C8,B12,K6:K8,">="&500) -> 0 | G12: =COUNTIFS(B6:B8,">="&1,C6:C8,B12,K6:K8,">="&0,I6:I8,">"&DATE(2021,1,1)) -> 0 | H12: =IF(G12=0,"-",(SUM(E12,F12)/G12)) -> - | I12: =IF((COUNTIFS(B6:B8,">="&1,C6:C8,"="&B12))>228,228,(COUNTIFS(B6:B8,">="&1,C6:C8,"="&B12))) -> 0 | J12: =IF(I12=0,"-",(COUNTIFS(C6:C8,"="&B12,I6:I8,"<="&DATE(2024,12,31),K6:K8,">="&0)/I12)) -> - | K12: =IF(I12=0,"-",IF(J12=1,"-",(COUNTIFS(B6:B8,">"&0,C6:C8,"="&B12,I6:I8,">"&DATE(2024,12,31),K6:K8,">="&0)/(I12-COUNTIFS(B6:B8,">"&0,C6:C8,"="&B12,I6:I8,"<="&DATE(2024,12,31),K6:K8,">="&0))))) -> - | L12: =IF(I12=0,"-",G12/I12) -> -
B13: Sem Info | C13: =COUNTIFS(B6:B8,">"&0,C6:C8,"="&B13) -> 0 | D13: =COUNTIFS(B6:B8,">="&1,C6:C8,B13,K6:K8,">="&0,K6:K8,"<"&50) -> 0 | E13: =COUNTIFS(B6:B8,">="&1,C6:C8,B13,K6:K8,">="&50,K6:K8,"<"&500) -> 0 | F13: =COUNTIFS(B6:B7,">="&1,C6:C7,B13,K6:K7,">="&500) -> 0 | G13: =COUNTIFS(B6:B8,">="&1,C6:C8,B13,K6:K8,">="&0,I6:I8,">"&DATE(2021,1,1)) -> 0 | H13: =IF(G13=0,"-",(SUM(E13,F13)/G13)) -> - | I13: =IF((COUNTIFS(B6:B7,">="&1,C6:C7,"="&B13))>228,228,(COUNTIFS(B6:B7,">="&1,C6:C7,"="&B13))) -> 0 | J13: =IF(I13=0,"-",(COUNTIFS(C6:C8,"="&B13,I6:I8,"<="&DATE(2024,12,31),K6:K8,">="&0)/I13)) -> - | K13: =IF(I13=0,"-",IF(J13=1,"-",(COUNTIFS(B6:B8,">"&0,C6:C8,"="&B13,I6:I8,">"&DATE(2024,12,31),K6:K8,">="&0)/(I13-COUNTIFS(B6:B8,">"&0,C6:C8,"="&B13,I6:I8,"<="&DATE(2024,12,31),K6:K8,">="&0))))) -> - | L13: =IF(I13=0,"-",G13/I13) -> -
B14: Totais | C14: =SUM(C11:C13) -> 0 | D14: =SUM(D11:D13) -> 0 | E14: =SUM(E11:E13) -> 0 | F14: =SUM(F11:F13) -> 0 | G14: =SUM(G11:G13) -> 0 | H14: =IF(G14=0,"-",(SUM(E14,F14)/G14)) -> - | I14: =SUM(I11:I13) -> 0 | J14: =IF(I14=0,"-",(COUNTIFS(I6:I8,"<="&DATE(2024,12,31),K6:K8,">="&0)/I14)) -> - | K14: =IF(I14=0,"-",IF(J14=1,"-",(COUNTIFS(B6:B8,">"&0,I6:I8,">"&DATE(2024,12,31),K6:K8,">="&0)/(I14-COUNTIFS(B6:B8,">"&0,I6:I8,"<="&DATE(2024,12,31),K6:K8,">="&0))))) -> - | L14: =IF(I14=0,"-",G14/I14) -> -
B17: =_xlfn.CONCAT("Disjuntores com extinção de arco OMI (PVO e GVO)",TEXT(IF(SUM(I51:I53)=0," ",(SUM(G51:G53)/SUM(I51:I53))), " 0,00%")) -> Disjuntores com extinção de arco OMI (PVO e GVO)
B18: ID | C18: Sub-Família | D18: Descrição | E18: N. Série | F18: Tombamento | G18: Ano de Fabricação | H18: N. Operativo | I18: Data Análise | J18: Tipo Análise | K18: Resultado | L18: Evidência de Teste
B19: =IF(C19="","",ROW($A$1))
B20: =IF(C20="","",B19+1)
B21: =IF(C21="","",B20+1)
B22: =IF(C22="","",B21+1)
B23: =IF(C23="","",B22+1)
B24: =IF(C24="","",B23+1)
B25: =IF(C25="","",B24+1)
B26: =IF(C26="","",B25+1)
B27: =IF(C27="","",B26+1)
B28: =IF(C28="","",B27+1)
B29: =IF(C29="","",B28+1)
B30: =IF(C30="","",B29+1)
B31: =IF(C31="","",B30+1)
... B48: =IF(C48="","",B47+1)
B49: Totais
B50: Sub-Família | C50: Equipamentos | D50: Não Contaminados | E50: Contaminados | F50: PCB | G50: Testes Realizados | H50: Tx. Contaminação | I50: Meta Manual | J50: Avanço 24 | K50: Avanço 25 | L50: Avanço Meta Manual
B51: Até 1988 | C51: =COUNTIFS(B19:B48,">"&0,C19:C48,"="&B51) -> 0 | D51: =COUNTIFS(B19:B48,">="&1,C19:C48,B51,K19:K48,">="&0,K19:K48,"<"&50) -> 0 | E51: =COUNTIFS(B19:B48,">="&1,C19:C48,B51,K19:K48,">="&50,K19:K48,"<"&500) -> 0 | F51: =COUNTIFS(B19:B48,">="&1,C19:C48,B51,K19:K48,">="&500) -> 0 | G51: =COUNTIFS(B19:B48,">="&1,C19:C48,B51,K19:K48,">="&0,I19:I48,">"&DATE(2021,1,1)) -> 0 | H51: =IF(G51=0,"-",(SUM(E51,F51)/G51)) -> - | I51: =IF((COUNTIFS(B19:B48,">="&1,C19:C48,"="&B51))>228,228,(COUNTIFS(B19:B48,">="&1,C19:C48,"="&B51))) -> 0 | J51: =IF(I51=0,"-",(COUNTIFS(C19:C48,"="&B51,I19:I48,"<="&DATE(2024,12,31),K19:K48,">="&0)/I51)) -> - | K51: =IF(I51=0,"-",IF(J51=1,"-",(COUNTIFS(B19:B48,">"&0,C19:C48,"="&B51,I19:I48,">"&DATE(2024,12,31),K19:K48,">="&0)/(I51-COUNTIFS(B19:B48,">"&0,C19:C48,"="&B51,I19:I48,"<="&DATE(2024,12,31),K19:K48,">="&0))))) -> - | L51: =IF(I51=0,"-",G51/I51) -> -
B52: Após 1988 | C52: =COUNTIFS(B19:B48,">"&0,C19:C48,"="&B52) -> 0 | D52: =COUNTIFS(B19:B48,">="&1,C19:C48,B52,K19:K48,">="&0,K19:K48,"<"&50) -> 0 | E52: =COUNTIFS(B19:B48,">="&1,C19:C48,B52,K19:K48,">="&50,K19:K48,"<"&500) -> 0 | F52: =COUNTIFS(B19:B48,">="&1,C19:C48,B52,K19:K48,">="&500) -> 0 | G52: =COUNTIFS(B19:B48,">="&1,C19:C48,B52,K19:K48,">="&0,I19:I48,">"&DATE(2021,1,1)) -> 0 | H52: =IF(G52=0,"-",(SUM(E52,F52)/G52)) -> - | I52: =IF((COUNTIFS(B19:B48,">="&1,C19:C48,"="&B52))>228,228,(COUNTIFS(B19:B48,">="&1,C19:C48,"="&B52))) -> 0 | J52: =IF(I52=0,"-",(COUNTIFS(C19:C48,"="&B52,I19:I48,"<="&DATE(2024,12,31),K19:K48,">="&0)/I52)) -> - | K52: =IF(I52=0,"-",IF(J52=1,"-",(COUNTIFS(B19:B48,">"&0,C19:C48,"="&B52,I19:I48,">"&DATE(2024,12,31),K19:K48,">="&0)/(I52-COUNTIFS(B19:B48,">"&0,C19:C48,"="&B52,I19:I48,"<="&DATE(2024,12,31),K19:K48,">="&0))))) -> - | L52: =IF(I52=0,"-",G52/I52) -> -
B53: Sem Info | C53: =COUNTIFS(B19:B48,">"&0,C19:C48,"="&B53) -> 0 | D53: =COUNTIFS(B19:B48,">="&1,C19:C48,B53,K19:K48,">="&0,K19:K48,"<"&50) -> 0 | E53: =COUNTIFS(B19:B48,">="&1,C19:C48,B53,K19:K48,">="&50,K19:K48,"<"&500) -> 0 | F53: =COUNTIFS(B19:B47,">="&1,C19:C47,B53,K19:K47,">="&500) -> 0 | G53: =COUNTIFS(B19:B48,">="&1,C19:C48,B53,K19:K48,">="&0,I19:I48,">"&DATE(2021,1,1)) -> 0 | H53: =IF(G53=0,"-",(SUM(E53,F53)/G53)) -> - | I53: =IF((COUNTIFS(B19:B47,">="&1,C19:C47,"="&B53))>228,228,(COUNTIFS(B19:B47,">="&1,C19:C47,"="&B53))) -> 0 | J53: =IF(I53=0,"-",(COUNTIFS(C19:C48,"="&B53,I19:I48,"<="&DATE(2024,12,31),K19:K48,">="&0)/I53)) -> - | K53: =IF(I53=0,"-",IF(J53=1,"-",(COUNTIFS(B19:B48,">"&0,C19:C48,"="&B53,I19:I48,">"&DATE(2024,12,31),K19:K48,">="&0)/(I53-COUNTIFS(B19:B48,">"&0,C19:C48,"="&B53,I19:I48,"<="&DATE(2024,12,31),K19:K48,">="&0))))) -> - | L53: =IF(I53=0,"-",G53/I53) -> -
B54: Totais | C54: =SUM(C51:C53) -> 0 | D54: =SUM(D51:D53) -> 0 | E54: =SUM(E51:E53) -> 0 | F54: =SUM(F51:F53) -> 0 | G54: =SUM(G51:G53) -> 0 | H54: =IF(G54=0,"-",(SUM(E54,F54)/G54)) -> - | I54: =SUM(I51:I53) -> 0 | J54: =IF(I54=0,"-",(COUNTIFS(I19:I48,"<="&DATE(2024,12,31),K19:K48,">="&0)/I54)) -> - | K54: =IF(I54=0,"-",IF(J54=1,"-",(COUNTIFS(B19:B48,">"&0,I19:I48,">"&DATE(2024,12,31),K19:K48,">="&0)/(I54-COUNTIFS(B19:B48,">"&0,I19:I48,"<="&DATE(2024,12,31),K19:K48,">="&0))))) -> - | L54: =IF(I54=0,"-",G54/I54) -> -
B57: =_xlfn.CONCAT("Religadores",TEXT(IF(SUM(I83:I85)=0," ",(SUM(G83:G85)/SUM(I83:I85))), " 0,00%")) -> Religadores
B58: ID | C58: Sub-Família | D58: Descrição | E58: N. Série | F58: Tombamento | G58: Ano de Fabricação | H58: N. Operativo | I58: Data Análise | J58: Tipo Análise | K58: Resultado | L58: Evidência de Teste
B59: =IF(C59="","",ROW($A$1))
B60: =IF(C60="","",(B59+1))
B61: =IF(C61="","",(B60+1))
B62: =IF(C62="","",(B61+1))
B63: =IF(C63="","",(B62+1))
B64: =IF(C64="","",(B63+1))
B65: =IF(C65="","",(B64+1))
B66: =IF(C66="","",(B65+1))
B67: =IF(C67="","",(B66+1))
B68: =IF(C68="","",(B67+1))
B69: =IF(C69="","",(B68+1))
B70: =IF(C70="","",(B69+1))
B71: =IF(C71="","",(B70+1))
... B80: =IF(C80="","",(B79+1))
B81: Totais
B82: Sub-Família | C82: Equipamentos | D82: Não Contaminados | E82: Contaminados | F82: PCB | G82: Testes Realizados | H82: Tx. Contaminação | I82: Meta Manual | J82: Avanço 24 | K82: Avanço 25 | L82: Avanço Meta Manual
B83: Até 1988 | C83: =COUNTIFS(B59:B80,">"&0,C59:C80,"="&B83) -> 0 | D83: =COUNTIFS(B59:B80,">="&1,C59:C80,B83,K59:K80,">="&0,K59:K80,"<"&50) -> 0 | E83: =COUNTIFS(B59:B80,">="&1,C59:C80,B83,K59:K80,">="&50,K59:K80,"<"&500) -> 0 | F83: =COUNTIFS(B59:B80,">="&1,C59:C80,B83,K59:K80,">="&500) -> 0 | G83: =COUNTIFS(B59:B80,">="&1,C59:C80,B83,K59:K80,">="&0,I59:I80,">"&DATE(2021,1,1)) -> 0 | H83: =IF(G83=0,"-",(SUM(E83,F83)/G83)) -> - | I83: =IF((COUNTIFS(B59:B80,">="&1,C59:C80,"="&B83))>228,228,(COUNTIFS(B59:B80,">="&1,C59:C80,"="&B83))) -> 0 | J83: =IF(I83=0,"-",(COUNTIFS(C59:C80,"="&B83,I59:I80,"<="&DATE(2024,12,31),K59:K80,">="&0)/I83)) -> - | K83: =IF(I83=0,"-",IF(J83=1,"-",(COUNTIFS(B59:B80,">"&0,C59:C80,"="&B83,I59:I80,">"&DATE(2024,12,31),K59:K80,">="&0)/(I83-COUNTIFS(B59:B80,">"&0,C59:C80,"="&B83,I59:I80,"<="&DATE(2024,12,31),K59:K80,">="&0))))) -> - | L83: =IF(I83=0,"-",G83/I83) -> -
B84: Após 1988 | C84: =COUNTIFS(B59:B80,">"&0,C59:C80,"="&B84) -> 0 | D84: =COUNTIFS(B59:B80,">="&1,C59:C80,B84,K59:K80,">="&0,K59:K80,"<"&50) -> 0 | E84: =COUNTIFS(B59:B80,">="&1,C59:C80,B84,K59:K80,">="&50,K59:K80,"<"&500) -> 0 | F84: =COUNTIFS(B59:B80,">="&1,C59:C80,B84,K59:K80,">="&500) -> 0 | G84: =COUNTIFS(B59:B80,">="&1,C59:C80,B84,K59:K80,">="&0,I59:I80,">"&DATE(2021,1,1)) -> 0 | H84: =IF(G84=0,"-",(SUM(E84,F84)/G84)) -> - | I84: =IF((COUNTIFS(B59:B80,">="&1,C59:C80,"="&B84))>228,228,(COUNTIFS(B59:B80,">="&1,C59:C80,"="&B84))) -> 0 | J84: =IF(I84=0,"-",(COUNTIFS(C59:C80,"="&B84,I59:I80,"<="&DATE(2024,12,31),K59:K80,">="&0)/I84)) -> - | K84: =IF(I84=0,"-",IF(J84=1,"-",(COUNTIFS(B59:B80,">"&0,C59:C80,"="&B84,I59:I80,">"&DATE(2024,12,31),K59:K80,">="&0)/(I84-COUNTIFS(B59:B80,">"&0,C59:C80,"="&B84,I59:I80,"<="&DATE(2024,12,31),K59:K80,">="&0))))) -> - | L84: =IF(I84=0,"-",G84/I84) -> -
B85: Sem Info | C85: =COUNTIFS(B59:B80,">"&0,C59:C80,"="&B85) -> 0 | D85: =COUNTIFS(B59:B80,">="&1,C59:C80,B85,K59:K80,">="&0,K59:K80,"<"&50) -> 0 | E85: =COUNTIFS(B59:B80,">="&1,C59:C80,B85,K59:K80,">="&50,K59:K80,"<"&500) -> 0 | F85: =COUNTIFS(B59:B60,">="&1,C59:C60,B85,K59:K60,">="&500) -> 0 | G85: =COUNTIFS(B59:B80,">="&1,C59:C80,B85,K59:K80,">="&0,I59:I80,">"&DATE(2021,1,1)) -> 0 | H85: =IF(G85=0,"-",(SUM(E85,F85)/G85)) -> - | I85: =IF((COUNTIFS(B59:B60,">="&1,C59:C60,"="&B85))>228,228,(COUNTIFS(B59:B60,">="&1,C59:C60,"="&B85))) -> 0 | J85: =IF(I85=0,"-",(COUNTIFS(C59:C80,"="&B85,I59:I80,"<="&DATE(2024,12,31),K59:K80,">="&0)/I85)) -> - | K85: =IF(I85=0,"-",IF(J85=1,"-",(COUNTIFS(B59:B80,">"&0,C59:C80,"="&B85,I59:I80,">"&DATE(2024,12,31),K59:K80,">="&0)/(I85-COUNTIFS(B59:B80,">"&0,C59:C80,"="&B85,I59:I80,"<="&DATE(2024,12,31),K59:K80,">="&0))))) -> - | L85: =IF(I85=0,"-",G85/I85) -> -
B86: Totais | C86: =SUM(C83:C85) -> 0 | D86: =SUM(D83:D85) -> 0 | E86: =SUM(E83:E85) -> 0 | F86: =SUM(F83:F85) -> 0 | G86: =SUM(G83:G85) -> 0 | H86: =IF(G86=0,"-",(SUM(E86,F86)/G86)) -> - | I86: =SUM(I83:I85) -> 0 | J86: =IF(I86=0,"-",(COUNTIFS(I59:I80,"<="&DATE(2024,12,31),K59:K80,">="&0)/I86)) -> - | K86: =IF(I86=0,"-",IF(J86=1,"-",(COUNTIFS(B59:B80,">"&0,I59:I80,">"&DATE(2024,12,31),K59:K80,">="&0)/(I86-COUNTIFS(B59:B80,">"&0,I59:I80,"<="&DATE(2024,12,31),K59:K80,">="&0))))) -> - | L86: =IF(I86=0,"-",G86/I86) -> -
B89: =_xlfn.CONCAT("Reguladores de Tensão",TEXT(IF(SUM(I345:I347)=0," ",(SUM(G345:G347)/SUM(I345:I347))), " 0,00%")) -> Reguladores de Tensão
B90: ID | C90: Sub-Família | D90: Descrição | E90: N. Série | F90: Tombamento | G90: Ano de Fabricação | H90: N. Operativo | I90: Data Análise | J90: Tipo Análise | K90: Resultado | L90: Evidência de Teste
B91: =IF(C91="","",ROW($A$1))
B92: =IF(C92="","",(B91+1))
B93: =IF(C93="","",(B92+1))
B94: =IF(C94="","",(B93+1))
B95: =IF(C95="","",(B94+1))
B96: =IF(C96="","",(B95+1))
B97: =IF(C97="","",(B96+1))
B98: =IF(C98="","",(B97+1))
B99: =IF(C99="","",(B98+1))
B100: =IF(C100="","",(B99+1))
B101: =IF(C101="","",(B100+1))
B102: =IF(C102="","",(B101+1))
B103: =IF(C103="","",(B102+1))
... B324: =IF(C324="","",(B323+1))
B325: =IF(C325="","",(#REF!+1))
B326: =IF(C326="","",(B325+1))
B327: =IF(C327="","",(B326+1))
B328: =IF(C328="","",(B327+1))
B329: =IF(C329="","",(B328+1))
B330: =IF(C330="","",(B329+1))
B331: =IF(C331="","",(B330+1))
B332: =IF(C332="","",(B331+1))
B333: =IF(C333="","",(B332+1))
B334: =IF(C334="","",(B333+1))
B335: =IF(C335="","",(B334+1))
B336: =IF(C336="","",(B335+1))
B337: =IF(C337="","",(B336+1))
... B342: =IF(C342="","",(B341+1))
B343: Totais
B344: Sub-Família | C344: Equipamentos | D344: Não Contaminados | E344: Contaminados | F344: PCB | G344: Testes Realizados | H344: Tx. Contaminação | I344: Meta Manual | J344: Avanço 24 | K344: Avanço 25 | L344: Avanço Meta Manual
B345: Até 1988 | C345: =COUNTIFS(B91:B342,">"&0,C91:C342,"="&B345) -> 0 | D345: =COUNTIFS(B91:B342,">="&1,C91:C342,B345,K91:K342,">="&0,K91:K342,"<"&50) -> 0 | E345: =COUNTIFS(B91:B342,">="&1,C91:C342,B345,K91:K342,">="&50,K91:K342,"<"&500) -> 0 | F345: =COUNTIFS(B91:B342,">="&1,C91:C342,B345,K91:K342,">="&500) -> 0 | G345: =COUNTIFS(B91:B342,">="&1,C91:C342,B345,K91:K342,">="&0,I91:I342,">"&DATE(2021,1,1)) -> 0 | H345: =IF(G345=0,"-",(SUM(E345,F345)/G345)) -> - | I345: =IF((COUNTIFS(B91:B342,">="&1,C91:C342,"="&B345))>228,228,(COUNTIFS(B91:B342,">="&1,C91:C342,"="&B345))) -> 0 | J345: =IF(I345=0,"-",(COUNTIFS(C91:C342,"="&B345,I91:I342,"<="&DATE(2024,12,31),K91:K342,">="&0)/I345)) -> - | K345: =IF(I345=0,"-",IF(J345=1,"-",(COUNTIFS(B91:B342,">"&0,C91:C342,"="&B345,I91:I342,">"&DATE(2024,12,31),K91:K342,">="&0)/(I345-COUNTIFS(B91:B342,">"&0,C91:C342,"="&B345,I91:I342,"<="&DATE(2024,12,31),K91:K342,">="&0))))) -> - | L345: =IF(I345=0,"-",G345/I345) -> -
B346: Após 1988 | C346: =COUNTIFS(B91:B342,">"&0,C91:C342,"="&B346) -> 0 | D346: =COUNTIFS(B91:B342,">="&1,C91:C342,B346,K91:K342,">="&0,K91:K342,"<"&50) -> 0 | E346: =COUNTIFS(B91:B342,">="&1,C91:C342,B346,K91:K342,">="&50,K91:K342,"<"&500) -> 0 | F346: =COUNTIFS(B91:B342,">="&1,C91:C342,B346,K91:K342,">="&500) -> 0 | G346: =COUNTIFS(B91:B342,">="&1,C91:C342,B346,K91:K342,">="&0,I91:I342,">"&DATE(2021,1,1)) -> 0 | H346: =IF(G346=0,"-",(SUM(E346,F346)/G346)) -> - | I346: =IF((COUNTIFS(B91:B342,">="&1,C91:C342,"="&B346))>228,228,(COUNTIFS(B91:B342,">="&1,C91:C342,"="&B346))) -> 0 | J346: =IF(I346=0,"-",(COUNTIFS(C91:C342,"="&B346,I91:I342,"<="&DATE(2024,12,31),K91:K342,">="&0)/I346)) -> - | K346: =IF(I346=0,"-",IF(J346=1,"-",(COUNTIFS(B91:B342,">"&0,C91:C342,"="&B346,I91:I342,">"&DATE(2024,12,31),K91:K342,">="&0)/(I346-COUNTIFS(B91:B342,">"&0,C91:C342,"="&B346,I91:I342,"<="&DATE(2024,12,31),K91:K342,">="&0))))) -> - | L346: =IF(I346=0,"-",G346/I346) -> -
B347: Sem Info | C347: =COUNTIFS(B91:B342,">"&0,C91:C342,"="&B347) -> 0 | D347: =COUNTIFS(B91:B342,">="&1,C91:C342,B347,K91:K342,">="&0,K91:K342,"<"&50) -> 0 | E347: =COUNTIFS(B91:B342,">="&1,C91:C342,B347,K91:K342,">="&50,K91:K342,"<"&500) -> 0 | F347: =COUNTIFS(B91:B341,">="&1,C91:C341,B347,K91:K341,">="&500) -> 0 | G347: =COUNTIFS(B91:B342,">="&1,C91:C342,B347,K91:K342,">="&0,I91:I342,">"&DATE(2021,1,1)) -> 0 | H347: =IF(G347=0,"-",(SUM(E347,F347)/G347)) -> - | I347: =IF((COUNTIFS(B91:B341,">="&1,C91:C341,"="&B347))>228,228,(COUNTIFS(B91:B341,">="&1,C91:C341,"="&B347))) -> 0 | J347: =IF(I347=0,"-",(COUNTIFS(C91:C342,"="&B347,I91:I342,"<="&DATE(2024,12,31),K91:K342,">="&0)/I347)) -> - | K347: =IF(I347=0,"-",IF(J347=1,"-",(COUNTIFS(B91:B342,">"&0,C91:C342,"="&B347,I91:I342,">"&DATE(2024,12,31),K91:K342,">="&0)/(I347-COUNTIFS(B91:B342,">"&0,C91:C342,"="&B347,I91:I342,"<="&DATE(2024,12,31),K91:K342,">="&0))))) -> - | L347: =IF(I347=0,"-",G347/I347) -> -
B348: Totais | C348: =SUM(C345:C347) -> 0 | D348: =SUM(D345:D347) -> 0 | E348: =SUM(E345:E347) -> 0 | F348: =SUM(F345:F347) -> 0 | G348: =SUM(G345:G347) -> 0 | H348: =IF(G348=0,"-",(SUM(E348,F348)/G348)) -> - | I348: =SUM(I345:I347) -> 0 | J348: =IF(I348=0,"-",(COUNTIFS(I91:I342,"<="&DATE(2024,12,31),K91:K342,">="&0)/I348)) -> - | K348: =IF(I348=0,"-",IF(J348=1,"-",(COUNTIFS(B91:B342,">"&0,I91:I342,">"&DATE(2024,12,31),K91:K342,">="&0)/(I348-COUNTIFS(B91:B342,">"&0,I91:I342,"<="&DATE(2024,12,31),K91:K342,">="&0))))) -> - | L348: =IF(I348=0,"-",G348/I348) -> -
B351: =_xlfn.CONCAT("Outros Equipamentos ( TSAs,Chaves a Óleo entre Outros)",TEXT(IF(SUM(I455:I457)=0," ",(SUM(G455:G457)/SUM(I455:I457))), " 0,00%")) -> Outros Equipamentos ( TSAs,Chaves a Óleo entre Outros)
B352: ID | C352: Sub-Família | D352: Descrição | E352: N. Série | F352: Tombamento | G352: Ano de Fabricação | H352: N. Operativo | I352: Data Análise | J352: Tipo Análise | K352: Resultado | L352: Evidência de Teste
B353: =IF(C353="","",ROW($A$1))
B354: =IF(C354="","",(B353+1))
B355: =IF(C355="","",(B354+1))
B356: =IF(C356="","",(B355+1))
B357: =IF(C357="","",(B356+1))
B358: =IF(C358="","",(B357+1))
B359: =IF(C359="","",(B358+1))
...

Sheet EMT
B1: Informações de Testes Realizados
B4: =_xlfn.CONCAT("Transformadores de Rede Subterrânea",TEXT(IF(SUM(I11:I13)=0," ",(SUM(G11:G13)/SUM(I11:I13))), " 0,00%")) -> Transformadores de Rede Subterrânea
B5: ID | C5: Sub-Família | D5: Descrição | E5: N. Série | F5: Tombamento | G5: Ano de Fabricação | H5: N. Operativo | I5: Data Análise | J5: Tipo Análise | K5: Resultado | L5: Evidência de Teste
B6: =IF(C6="","",ROW($A$1))
B7: =IF(B6="","",(B6+1))
B9: Totais
B10: Sub-Família | C10: Equipamentos | D10: Não Contaminados | E10: Contaminados | F10: PCB | G10: Testes Realizados | H10: Tx. Contaminação | I10: Meta Manual | J10: Avanço 24 | K10: Avanço 25 | L10: Avanço Meta Manual
B11: Até 1988 | C11: =COUNTIFS(B6:B8,">"&0,C6:C8,"="&B11) -> 0 | D11: =COUNTIFS(B6:B8,">="&1,C6:C8,B11,K6:K8,">="&0,K6:K8,"<"&50) -> 0 | E11: =COUNTIFS(B6:B8,">="&1,C6:C8,B11,K6:K8,">="&50,K6:K8,"<"&500) -> 0 | F11: =COUNTIFS(B6:B8,">="&1,C6:C8,B11,K6:K8,">="&500) -> 0 | G11: =COUNTIFS(B6:B8,">="&1,C6:C8,B11,K6:K8,">="&0,I6:I8,">"&DATE(2021,1,1)) -> 0 | H11: =IF(G11=0,"-",(SUM(E11,F11)/G11)) -> - | I11: =IF((COUNTIFS(B6:B8,">="&1,C6:C8,"="&B11))>228,228,(COUNTIFS(B6:B8,">="&1,C6:C8,"="&B11))) -> 0 | J11: =IF(I11=0,"-",(COUNTIFS(C6:C8,"="&B11,I6:I8,"<="&DATE(2024,12,31),K6:K8,">="&0)/I11)) -> - | K11: =IF(I11=0,"-",IF(J11=1,"-",(COUNTIFS(B6:B8,">"&0,C6:C8,"="&B11,I6:I8,">"&DATE(2024,12,31),K6:K8,">="&0)/(I11-COUNTIFS(B6:B8,">"&0,C6:C8,"="&B11,I6:I8,"<="&DATE(2024,12,31),K6:K8,">="&0))))) -> - | L11: =IF(I11=0,"-",G11/I11) -> -
B12: Após 1988 | C12: =COUNTIFS(B6:B8,">"&0,C6:C8,"="&B12) -> 0 | D12: =COUNTIFS(B6:B8,">="&1,C6:C8,B12,K6:K8,">="&0,K6:K8,"<"&50) -> 0 | E12: =COUNTIFS(B6:B8,">="&1,C6:C8,B12,K6:K8,">="&50,K6:K8,"<"&500) -> 0 | F12: =COUNTIFS(B6:B8,">="&1,C6:C8,B12,K6:K8,">="&500) -> 0 | G12: =COUNTIFS(B6:B8,">="&1,C6:C8,B12,K6:K8,">="&0,I6:I8,">"&DATE(2021,1,1)) -> 0 | H12: =IF(G12=0,"-",(SUM(E12,F12)/G12)) -> - | I12: =IF((COUNTIFS(B6:B8,">="&1,C6:C8,"="&B12))>228,228,(COUNTIFS(B6:B8,">="&1,C6:C8,"="&B12))) -> 0 | J12: =IF(I12=0,"-",(COUNTIFS(C6:C8,"="&B12,I6:I8,"<="&DATE(2024,12,31),K6:K8,">="&0)/I12)) -> - | K12: =IF(I12=0,"-",IF(J12=1,"-",(COUNTIFS(B6:B8,">"&0,C6:C8,"="&B12,I6:I8,">"&DATE(2024,12,31),K6:K8,">="&0)/(I12-COUNTIFS(B6:B8,">"&0,C6:C8,"="&B12,I6:I8,"<="&DATE(2024,12,31),K6:K8,">="&0))))) -> - | L12: =IF(I12=0,"-",G12/I12) -> -
B13: Sem Info | C13: =COUNTIFS(B6:B8,">"&0,C6:C8,"="&B13) -> 0 | D13: =COUNTIFS(B6:B8,">="&1,C6:C8,B13,K6:K8,">="&0,K6:K8,"<"&50) -> 0 | E13: =COUNTIFS(B6:B8,">="&1,C6:C8,B13,K6:K8,">="&50,K6:K8,"<"&500) -> 0 | F13: =COUNTIFS(B6:B7,">="&1,C6:C7,B13,K6:K7,">="&500) -> 0 | G13: =COUNTIFS(B6:B8,">="&1,C6:C8,B13,K6:K8,">="&0,I6:I8,">"&DATE(2021,1,1)) -> 0 | H13: =IF(G13=0,"-",(SUM(E13,F13)/G13)) -> - | I13: =IF((COUNTIFS(B6:B7,">="&1,C6:C7,"="&B13))>228,228,(COUNTIFS(B6:B7,">="&1,C6:C7,"="&B13))) -> 0 | J13: =IF(I13=0,"-",(COUNTIFS(C6:C8,"="&B13,I6:I8,"<="&DATE(2024,12,31),K6:K8,">="&0)/I13)) -> - | K13: =IF(I13=0,"-",IF(J13=1,"-",(COUNTIFS(B6:B8,">"&0,C6:C8,"="&B13,I6:I8,">"&DATE(2024,12,31),K6:K8,">="&0)/(I13-COUNTIFS(B6:B8,">"&0,C6:C8,"="&B13,I6:I8,"<="&DATE(2024,12,31),K6:K8,">="&0))))) -> - | L13: =IF(I13=0,"-",G13/I13) -> -
B14: Totais | C14: =SUM(C11:C13) -> 0 | D14: =SUM(D11:D13) -> 0 | E14: =SUM(E11:E13) -> 0 | F14: =SUM(F11:F13) -> 0 | G14: =SUM(G11:G13) -> 0 | H14: =IF(G14=0,"-",(SUM(E14,F14)/G14)) -> - | I14: =SUM(I11:I13) -> 0 | J14: =IF(I14=0,"-",(COUNTIFS(I6:I8,"<="&DATE(2024,12,31),K6:K8,">="&0)/I14)) -> - | K14: =IF(I14=0,"-",IF(J14=1,"-",(COUNTIFS(B6:B8,">"&0,I6:I8,">"&DATE(2024,12,31),K6:K8,">="&0)/(I14-COUNTIFS(B6:B8,">"&0,I6:I8,"<="&DATE(2024,12,31),K6:K8,">="&0))))) -> - | L14: =IF(I14=0,"-",G14/I14) -> -
B17: =_xlfn.CONCAT("Disjuntores com extinção de arco OMI (PVO e GVO)",TEXT(IF(SUM(I51:I53)=0," ",(SUM(G51:G53)/SUM(I51:I53))), " 0,00%")) -> Disjuntores com extinção de arco OMI (PVO e GVO)
B18: ID | C18: Sub-Família | D18: Descrição | E18: N. Série | F18: Tombamento | G18: Ano de Fabricação | H18: N. Operativo | I18: Data Análise | J18: Tipo Análise | K18: Resultado | L18: Evidência de Teste
B19: =IF(C19="","",ROW($A$1))
B20: =IF(C20="","",B19+1)
B21: =IF(C21="","",B20+1)
B22: =IF(C22="","",B21+1)
B23: =IF(C23="","",B22+1)
B24: =IF(C24="","",B23+1)
B25: =IF(C25="","",B24+1)
B26: =IF(C26="","",B25+1)
B27: =IF(C27="","",B26+1)
B28: =IF(C28="","",B27+1)
B29: =IF(C29="","",B28+1)
B30: =IF(C30="","",B29+1)
B31: =IF(C31="","",B30+1)
... B48: =IF(C48="","",B47+1)
B49: Totais
B50: Sub-Família | C50: Equipamentos | D50: Não Contaminados | E50: Contaminados | F50: PCB | G50: Testes Realizados | H50: Tx. Contaminação | I50: Meta Manual | J50: Avanço 24 | K50: Avanço 25 | L50: Avanço Meta Manual
B51: Até 1988 | C51: =COUNTIFS(B19:B48,">"&0,C19:C48,"="&B51) -> 0 | D51: =COUNTIFS(B19:B48,">="&1,C19:C48,B51,K19:K48,">="&0,K19:K48,"<"&50) -> 0 | E51: =COUNTIFS(B19:B48,">="&1,C19:C48,B51,K19:K48,">="&50,K19:K48,"<"&500) -> 0 | F51: =COUNTIFS(B19:B48,">="&1,C19:C48,B51,K19:K48,">="&500) -> 0 | G51: =COUNTIFS(B19:B48,">="&1,C19:C48,B51,K19:K48,">="&0,I19:I48,">"&DATE(2021,1,1)) -> 0 | H51: =IF(G51=0,"-",(SUM(E51,F51)/G51)) -> - | I51: =IF((COUNTIFS(B19:B48,">="&1,C19:C48,"="&B51))>228,228,(COUNTIFS(B19:B48,">="&1,C19:C48,"="&B51))) -> 0 | J51: =IF(I51=0,"-",(COUNTIFS(C19:C48,"="&B51,I19:I48,"<="&DATE(2024,12,31),K19:K48,">="&0)/I51)) -> - | K51: =IF(I51=0,"-",IF(J51=1,"-",(COUNTIFS(B19:B48,">"&0,C19:C48,"="&B51,I19:I48,">"&DATE(2024,12,31),K19:K48,">="&0)/(I51-COUNTIFS(B19:B48,">"&0,C19:C48,"="&B51,I19:I48,"<="&DATE(2024,12,31),K19:K48,">="&0))))) -> - | L51: =IF(I51=0,"-",G51/I51) -> -
B52: Após 1988 | C52: =COUNTIFS(B19:B48,">"&0,C19:C48,"="&B52) -> 0 | D52: =COUNTIFS(B19:B48,">="&1,C19:C48,B52,K19:K48,">="&0,K19:K48,"<"&50) -> 0 | E52: =COUNTIFS(B19:B48,">="&1,C19:C48,B52,K19:K48,">="&50,K19:K48,"<"&500) -> 0 | F52: =COUNTIFS(B19:B48,">="&1,C19:C48,B52,K19:K48,">="&500) -> 0 | G52: =COUNTIFS(B19:B48,">="&1,C19:C48,B52,K19:K48,">="&0,I19:I48,">"&DATE(2021,1,1)) -> 0 | H52: =IF(G52=0,"-",(SUM(E52,F52)/G52)) -> - | I52: =IF((COUNTIFS(B19:B48,">="&1,C19:C48,"="&B52))>228,228,(COUNTIFS(B19:B48,">="&1,C19:C48,"="&B52))) -> 0 | J52: =IF(I52=0,"-",(COUNTIFS(C19:C48,"="&B52,I19:I48,"<="&DATE(2024,12,31),K19:K48,">="&0)/I52)) -> - | K52: =IF(I52=0,"-",IF(J52=1,"-",(COUNTIFS(B19:B48,">"&0,C19:C48,"="&B52,I19:I48,">"&DATE(2024,12,31),K19:K48,">="&0)/(I52-COUNTIFS(B19:B48,">"&0,C19:C48,"="&B52,I19:I48,"<="&DATE(2024,12,31),K19:K48,">="&0))))) -> - | L52: =IF(I52=0,"-",G52/I52) -> -
B53: Sem Info | C53: =COUNTIFS(B19:B48,">"&0,C19:C48,"="&B53) -> 0 | D53: =COUNTIFS(B19:B48,">="&1,C19:C48,B53,K19:K48,">="&0,K19:K48,"<"&50) -> 0 | E53: =COUNTIFS(B19:B48,">="&1,C19:C48,B53,K19:K48,">="&50,K19:K48,"<"&500) -> 0 | F53: =COUNTIFS(B19:B47,">="&1,C19:C47,B53,K19:K47,">="&500) -> 0 | G53: =COUNTIFS(B19:B48,">="&1,C19:C48,B53,K19:K48,">="&0,I19:I48,">"&DATE(2021,1,1)) -> 0 | H53: =IF(G53=0,"-",(SUM(E53,F53)/G53)) -> - | I53: =IF((COUNTIFS(B19:B47,">="&1,C19:C47,"="&B53))>228,228,(COUNTIFS(B19:B47,">="&1,C19:C47,"="&B53))) -> 0 | J53: =IF(I53=0,"-",(COUNTIFS(C19:C48,"="&B53,I19:I48,"<="&DATE(2024,12,31),K19:K48,">="&0)/I53)) -> - | K53: =IF(I53=0,"-",IF(J53=1,"-",(COUNTIFS(B19:B48,">"&0,C19:C48,"="&B53,I19:I48,">"&DATE(2024,12,31),K19:K48,">="&0)/(I53-COUNTIFS(B19:B48,">"&0,C19:C48,"="&B53,I19:I48,"<="&DATE(2024,12,31),K19:K48,">="&0))))) -> - | L53: =IF(I53=0,"-",G53/I53) -> -
B54: Totais | C54: =SUM(C51:C53) -> 0 | D54: =SUM(D51:D53) -> 0 | E54: =SUM(E51:E53) -> 0 | F54: =SUM(F51:F53) -> 0 | G54: =SUM(G51:G53) -> 0 | H54: =IF(G54=0,"-",(SUM(E54,F54)/G54)) -> - | I54: =SUM(I51:I53) -> 0 | J54: =IF(I54=0,"-",(COUNTIFS(I19:I48,"<="&DATE(2024,12,31),K19:K48,">="&0)/I54)) -> - | K54: =IF(I54=0,"-",IF(J54=1,"-",(COUNTIFS(B19:B48,">"&0,I19:I48,">"&DATE(2024,12,31),K19:K48,">="&0)/(I54-COUNTIFS(B19:B48,">"&0,I19:I48,"<="&DATE(2024,12,31),K19:K48,">="&0))))) -> - | L54: =IF(I54=0,"-",G54/I54) -> -
B57: =_xlfn.CONCAT("Religadores",TEXT(IF(SUM(I83:I85)=0," ",(SUM(G83:G85)/SUM(I83:I85))), " 0,00%")) -> Religadores
B58: ID | C58: Sub-Família | D58: Descrição | E58: N. Série | F58: Tombamento | G58: Ano de Fabricação | H58: N. Operativo | I58: Data Análise | J58: Tipo Análise | K58: Resultado | L58: Evidência de Teste
B59: =IF(C59="","",ROW($A$1))
B60: =IF(C60="","",(B59+1))
B61: =IF(C61="","",(B60+1))
B62: =IF(C62="","",(B61+1))
B63: =IF(C63="","",(B62+1))
B64: =IF(C64="","",(B63+1))
B65: =IF(C65="","",(B64+1))
B66: =IF(C66="","",(B65+1))
B67: =IF(C67="","",(B66+1))
B68: =IF(C68="","",(B67+1))
B69: =IF(C69="","",(B68+1))
B70: =IF(C70="","",(B69+1))
B71: =IF(C71="","",(B70+1))
... B80: =IF(C80="","",(B79+1))
B81: Totais
B82: Sub-Família | C82: Equipamentos | D82: Não Contaminados | E82: Contaminados | F82: PCB | G82: Testes Realizados | H82: Tx. Contaminação | I82: Meta Manual | J82: Avanço 24 | K82: Avanço 25 | L82: Avanço Meta Manual
B83: Até 1988 | C83: =COUNTIFS(B59:B80,">"&0,C59:C80,"="&B83) -> 0 | D83: =COUNTIFS(B59:B80,">="&1,C59:C80,B83,K59:K80,">="&0,K59:K80,"<"&50) -> 0 | E83: =COUNTIFS(B59:B80,">="&1,C59:C80,B83,K59:K80,">="&50,K59:K80,"<"&500) -> 0 | F83: =COUNTIFS(B59:B80,">="&1,C59:C80,B83,K59:K80,">="&500) -> 0 | G83: =COUNTIFS(B59:B80,">="&1,C59:C80,B83,K59:K80,">="&0,I59:I80,">"&DATE(2021,1,1)) -> 0 | H83: =IF(G83=0,"-",(SUM(E83,F83)/G83)) -> - | I83: =IF((COUNTIFS(B59:B80,">="&1,C59:C80,"="&B83))>228,228,(COUNTIFS(B59:B80,">="&1,C59:C80,"="&B83))) -> 0 | J83: =IF(I83=0,"-",(COUNTIFS(C59:C80,"="&B83,I59:I80,"<="&DATE(2024,12,31),K59:K80,">="&0)/I83)) -> - | K83: =IF(I83=0,"-",IF(J83=1,"-",(COUNTIFS(B59:B80,">"&0,C59:C80,"="&B83,I59:I80,">"&DATE(2024,12,31),K59:K80,">="&0)/(I83-COUNTIFS(B59:B80,">"&0,C59:C80,"="&B83,I59:I80,"<="&DATE(2024,12,31),K59:K80,">="&0))))) -> - | L83: =IF(I83=0,"-",G83/I83) -> -
B84: Após 1988 | C84: =COUNTIFS(B59:B80,">"&0,C59:C80,"="&B84) -> 0 | D84: =COUNTIFS(B59:B80,">="&1,C59:C80,B84,K59:K80,">="&0,K59:K80,"<"&50) -> 0 | E84: =COUNTIFS(B59:B80,">="&1,C59:C80,B84,K59:K80,">="&50,K59:K80,"<"&500) -> 0 | F84: =COUNTIFS(B59:B80,">="&1,C59:C80,B84,K59:K80,">="&500) -> 0 | G84: =COUNTIFS(B59:B80,">="&1,C59:C80,B84,K59:K80,">="&0,I59:I80,">"&DATE(2021,1,1)) -> 0 | H84: =IF(G84=0,"-",(SUM(E84,F84)/G84)) -> - | I84: =IF((COUNTIFS(B59:B80,">="&1,C59:C80,"="&B84))>228,228,(COUNTIFS(B59:B80,">="&1,C59:C80,"="&B84))) -> 0 | J84: =IF(I84=0,"-",(COUNTIFS(C59:C80,"="&B84,I59:I80,"<="&DATE(2024,12,31),K59:K80,">="&0)/I84)) -> - | K84: =IF(I84=0,"-",IF(J84=1,"-",(COUNTIFS(B59:B80,">"&0,C59:C80,"="&B84,I59:I80,">"&DATE(2024,12,31),K59:K80,">="&0)/(I84-COUNTIFS(B59:B80,">"&0,C59:C80,"="&B84,I59:I80,"<="&DATE(2024,12,31),K59:K80,">="&0))))) -> - | L84: =IF(I84=0,"-",G84/I84) -> -
B85: Sem Info | C85: =COUNTIFS(B59:B80,">"&0,C59:C80,"="&B85) -> 0 | D85: =COUNTIFS(B59:B80,">="&1,C59:C80,B85,K59:K80,">="&0,K59:K80,"<"&50) -> 0 | E85: =COUNTIFS(B59:B80,">="&1,C59:C80,B85,K59:K80,">="&50,K59:K80,"<"&500) -> 0 | F85: =COUNTIFS(B59:B60,">="&1,C59:C60,B85,K59:K60,">="&500) -> 0 | G85: =COUNTIFS(B59:B80,">="&1,C59:C80,B85,K59:K80,">="&0,I59:I80,">"&DATE(2021,1,1)) -> 0 | H85: =IF(G85=0,"-",(SUM(E85,F85)/G85)) -> - | I85: =IF((COUNTIFS(B59:B60,">="&1,C59:C60,"="&B85))>228,228,(COUNTIFS(B59:B60,">="&1,C59:C60,"="&B85))) -> 0 | J85: =IF(I85=0,"-",(COUNTIFS(C59:C80,"="&B85,I59:I80,"<="&DATE(2024,12,31),K59:K80,">="&0)/I85)) -> - | K85: =IF(I85=0,"-",IF(J85=1,"-",(COUNTIFS(B59:B80,">"&0,C59:C80,"="&B85,I59:I80,">"&DATE(2024,12,31),K59:K80,">="&0)/(I85-COUNTIFS(B59:B80,">"&0,C59:C80,"="&B85,I59:I80,"<="&DATE(2024,12,31),K59:K80,">="&0))))) -> - | L85: =IF(I85=0,"-",G85/I85) -> -
B86: Totais | C86: =SUM(C83:C85) -> 0 | D86: =SUM(D83:D85) -> 0 | E86: =SUM(E83:E85) -> 0 | F86: =SUM(F83:F85) -> 0 | G86: =SUM(G83:G85) -> 0 | H86: =IF(G86=0,"-",(SUM(E86,F86)/G86)) -> - | I86: =SUM(I83:I85) -> 0 | J86: =IF(I86=0,"-",(COUNTIFS(I59:I80,"<="&DATE(2024,12,31),K59:K80,">="&0)/I86)) -> - | K86: =IF(I86=0,"-",IF(J86=1,"-",(COUNTIFS(B59:B80,">"&0,I59:I80,">"&DATE(2024,12,31),K59:K80,">="&0)/(I86-COUNTIFS(B59:B80,">"&0,I59:I80,"<="&DATE(2024,12,31),K59:K80,">="&0))))) -> - | L86: =IF(I86=0,"-",G86/I86) -> -
B89: =_xlfn.CONCAT("Reguladores de Tensão",TEXT(IF(SUM(I345:I347)=0," ",(SUM(G345:G347)/SUM(I345:I347))), " 0,00%")) -> Reguladores de Tensão
B90: ID | C90: Sub-Família | D90: Descrição | E90: N. Série | F90: Tombamento | G90: Ano de Fabricação | H90: N. Operativo | I90: Data Análise | J90: Tipo Análise | K90: Resultado | L90: Evidência de Teste
B91: =IF(C91="","",ROW($A$1))
B92: =IF(C92="","",(B91+1))
B93: =IF(C93="","",(B92+1))
B94: =IF(C94="","",(B93+1))
B95: =IF(C95="","",(B94+1))
B96: =IF(C96="","",(B95+1))
B97: =IF(C97="","",(B96+1))
B98: =IF(C98="","",(B97+1))
B99: =IF(C99="","",(B98+1))
B100: =IF(C100="","",(B99+1))
B101: =IF(C101="","",(B100+1))
B102: =IF(C102="","",(B101+1))
B103: =IF(C103="","",(B102+1))
... B324: =IF(C324="","",(B323+1))
B325: =IF(C325="","",(#REF!+1))
B326: =IF(C326="","",(B325+1))
B327: =IF(C327="","",(B326+1))
B328: =IF(C328="","",(B327+1))
B329: =IF(C329="","",(B328+1))
B330: =IF(C330="","",(B329+1))
B331: =IF(C331="","",(B330+1))
B332: =IF(C332="","",(B331+1))
B333: =IF(C333="","",(B332+1))
B334: =IF(C334="","",(B333+1))
B335: =IF(C335="","",(B334+1))
B336: =IF(C336="","",(B335+1))
B337: =IF(C337="","",(B336+1))
... B342: =IF(C342="","",(B341+1))
B343: Totais
B344: Sub-Família | C344: Equipamentos | D344: Não Contaminados | E344: Contaminados | F344: PCB | G344: Testes Realizados | H344: Tx. Contaminação | I344: Meta Manual | J344: Avanço 24 | K344: Avanço 25 | L344: Avanço Meta Manual
B345: Até 1988 | C345: =COUNTIFS(B91:B342,">"&0,C91:C342,"="&B345) -> 0 | D345: =COUNTIFS(B91:B342,">="&1,C91:C342,B345,K91:K342,">="&0,K91:K342,"<"&50) -> 0 | E345: =COUNTIFS(B91:B342,">="&1,C91:C342,B345,K91:K342,">="&50,K91:K342,"<"&500) -> 0 | F345: =COUNTIFS(B91:B342,">="&1,C91:C342,B345,K91:K342,">="&500) -> 0 | G345: =COUNTIFS(B91:B342,">="&1,C91:C342,B345,K91:K342,">="&0,I91:I342,">"&DATE(2021,1,1)) -> 0 | H345: =IF(G345=0,"-",(SUM(E345,F345)/G345)) -> - | I345: =IF((COUNTIFS(B91:B342,">="&1,C91:C342,"="&B345))>228,228,(COUNTIFS(B91:B342,">="&1,C91:C342,"="&B345))) -> 0 | J345: =IF(I345=0,"-",(COUNTIFS(C91:C342,"="&B345,I91:I342,"<="&DATE(2024,12,31),K91:K342,">="&0)/I345)) -> - | K345: =IF(I345=0,"-",IF(J345=1,"-",(COUNTIFS(B91:B342,">"&0,C91:C342,"="&B345,I91:I342,">"&DATE(2024,12,31),K91:K342,">="&0)/(I345-COUNTIFS(B91:B342,">"&0,C91:C342,"="&B345,I91:I342,"<="&DATE(2024,12,31),K91:K342,">="&0))))) -> - | L345: =IF(I345=0,"-",G345/I345) -> -
B346: Após 1988 | C346: =COUNTIFS(B91:B342,">"&0,C91:C342,"="&B346) -> 0 | D346: =COUNTIFS(B91:B342,">="&1,C91:C342,B346,K91:K342,">="&0,K91:K342,"<"&50) -> 0 | E346: =COUNTIFS(B91:B342,">="&1,C91:C342,B346,K91:K342,">="&50,K91:K342,"<"&500) -> 0 | F346: =COUNTIFS(B91:B342,">="&1,C91:C342,B346,K91:K342,">="&500) -> 0 | G346: =COUNTIFS(B91:B342,">="&1,C91:C342,B346,K91:K342,">="&0,I91:I342,">"&DATE(2021,1,1)) -> 0 | H346: =IF(G346=0,"-",(SUM(E346,F346)/G346)) -> - | I346: =IF((COUNTIFS(B91:B342,">="&1,C91:C342,"="&B346))>228,228,(COUNTIFS(B91:B342,">="&1,C91:C342,"="&B346))) -> 0 | J346: =IF(I346=0,"-",(COUNTIFS(C91:C342,"="&B346,I91:I342,"<="&DATE(2024,12,31),K91:K342,">="&0)/I346)) -> - | K346: =IF(I346=0,"-",IF(J346=1,"-",(COUNTIFS(B91:B342,">"&0,C91:C342,"="&B346,I91:I342,">"&DATE(2024,12,31),K91:K342,">="&0)/(I346-COUNTIFS(B91:B342,">"&0,C91:C342,"="&B346,I91:I342,"<="&DATE(2024,12,31),K91:K342,">="&0))))) -> - | L346: =IF(I346=0,"-",G346/I346) -> -
B347: Sem Info | C347: =COUNTIFS(B91:B342,">"&0,C91:C342,"="&B347) -> 0 | D347: =COUNTIFS(B91:B342,">="&1,C91:C342,B347,K91:K342,">="&0,K91:K342,"<"&50) -> 0 | E347: =COUNTIFS(B91:B342,">="&1,C91:C342,B347,K91:K342,">="&50,K91:K342,"<"&500) -> 0 | F347: =COUNTIFS(B91:B341,">="&1,C91:C341,B347,K91:K341,">="&500) -> 0 | G347: =COUNTIFS(B91:B342,">="&1,C91:C342,B347,K91:K342,">="&0,I91:I342,">"&DATE(2021,1,1)) -> 0 | H347: =IF(G347=0,"-",(SUM(E347,F347)/G347)) -> - | I347: =IF((COUNTIFS(B91:B341,">="&1,C91:C341,"="&B347))>228,228,(COUNTIFS(B91:B341,">="&1,C91:C341,"="&B347))) -> 0 | J347: =IF(I347=0,"-",(COUNTIFS(C91:C342,"="&B347,I91:I342,"<="&DATE(2024,12,31),K91:K342,">="&0)/I347)) -> - | K347: =IF(I347=0,"-",IF(J347=1,"-",(COUNTIFS(B91:B342,">"&0,C91:C342,"="&B347,I91:I342,">"&DATE(2024,12,31),K91:K342,">="&0)/(I347-COUNTIFS(B91:B342,">"&0,C91:C342,"="&B347,I91:I342,"<="&DATE(2024,12,31),K91:K342,">="&0))))) -> - | L347: =IF(I347=0,"-",G347/I347) -> -
B348: Totais | C348: =SUM(C345:C347) -> 0 | D348: =SUM(D345:D347) -> 0 | E348: =SUM(E345:E347) -> 0 | F348: =SUM(F345:F347) -> 0 | G348: =SUM(G345:G347) -> 0 | H348: =IF(G348=0,"-",(SUM(E348,F348)/G348)) -> - | I348: =SUM(I345:I347) -> 0 | J348: =IF(I348=0,"-",(COUNTIFS(I91:I342,"<="&DATE(2024,12,31),K91:K342,">="&0)/I348)) -> - | K348: =IF(I348=0,"-",IF(J348=1,"-",(COUNTIFS(B91:B342,">"&0,I91:I342,">"&DATE(2024,12,31),K91:K342,">="&0)/(I348-COUNTIFS(B91:B342,">"&0,I91:I342,"<="&DATE(2024,12,31),K91:K342,">="&0))))) -> - | L348: =IF(I348=0,"-",G348/I348) -> -
B351: =_xlfn.CONCAT("Outros Equipamentos ( TSAs,Chaves a Óleo entre Outros)",TEXT(IF(SUM(I455:I457)=0," ",(SUM(G455:G457)/SUM(I455:I457))), " 0,00%")) -> Outros Equipamentos ( TSAs,Chaves a Óleo entre Outros)
B352: ID | C352: Sub-Família | D352: Descrição | E352: N. Série | F352: Tombamento | G352: Ano de Fabricação | H352: N. Operativo | I352: Data Análise | J352: Tipo Análise | K352: Resultado | L352: Evidência de Teste
B353: =IF(C353="","",ROW($A$1))
B354: =IF(C354="","",(B353+1))
B355: =IF(C355="","",(B354+1))
B356: =IF(C356="","",(B355+1))
B357: =IF(C357="","",(B356+1))
B358: =IF(C358="","",(B357+1))
B359: =IF(C359="","",(B358+1))
...

Sheet ESE
B1: Informações de Testes Realizados
B4: =_xlfn.CONCAT("Transformadores de Rede Subterrânea",TEXT(IF(SUM(I11:I13)=0," ",(SUM(G11:G13)/SUM(I11:I13))), " 0,00%")) -> Transformadores de Rede Subterrânea
B5: ID | C5: Sub-Família | D5: Descrição | E5: N. Série | F5: Tombamento | G5: Ano de Fabricação | H5: N. Operativo | I5: Data Análise | J5: Tipo Análise | K5: Resultado | L5: Evidência de Teste
B6: =IF(C6="","",ROW($A$1))
B7: =IF(B6="","",(B6+1))
B9: Totais
B10: Sub-Família | C10: Equipamentos | D10: Não Contaminados | E10: Contaminados | F10: PCB | G10: Testes Realizados | H10: Tx. Contaminação | I10: Meta Manual | J10: Avanço 24 | K10: Avanço 25 | L10: Avanço Meta Manual
B11: Até 1988 | C11: =COUNTIFS(B6:B8,">"&0,C6:C8,"="&B11) -> 0 | D11: =COUNTIFS(B6:B8,">="&1,C6:C8,B11,K6:K8,">="&0,K6:K8,"<"&50) -> 0 | E11: =COUNTIFS(B6:B8,">="&1,C6:C8,B11,K6:K8,">="&50,K6:K8,"<"&500) -> 0 | F11: =COUNTIFS(B6:B8,">="&1,C6:C8,B11,K6:K8,">="&500) -> 0 | G11: =COUNTIFS(B6:B8,">="&1,C6:C8,B11,K6:K8,">="&0,I6:I8,">"&DATE(2021,1,1)) -> 0 | H11: =IF(G11=0,"-",(SUM(E11,F11)/G11)) -> - | I11: =IF((COUNTIFS(B6:B8,">="&1,C6:C8,"="&B11))>228,228,(COUNTIFS(B6:B8,">="&1,C6:C8,"="&B11))) -> 0 | J11: =IF(I11=0,"-",(COUNTIFS(C6:C8,"="&B11,I6:I8,"<="&DATE(2024,12,31),K6:K8,">="&0)/I11)) -> - | K11: =IF(I11=0,"-",IF(J11=1,"-",(COUNTIFS(B6:B8,">"&0,C6:C8,"="&B11,I6:I8,">"&DATE(2024,12,31),K6:K8,">="&0)/(I11-COUNTIFS(B6:B8,">"&0,C6:C8,"="&B11,I6:I8,"<="&DATE(2024,12,31),K6:K8,">="&0))))) -> - | L11: =IF(I11=0,"-",G11/I11) -> -
B12: Após 1988 | C12: =COUNTIFS(B6:B8,">"&0,C6:C8,"="&B12) -> 0 | D12: =COUNTIFS(B6:B8,">="&1,C6:C8,B12,K6:K8,">="&0,K6:K8,"<"&50) -> 0 | E12: =COUNTIFS(B6:B8,">="&1,C6:C8,B12,K6:K8,">="&50,K6:K8,"<"&500) -> 0 | F12: =COUNTIFS(B6:B8,">="&1,C6:C8,B12,K6:K8,">="&500) -> 0 | G12: =COUNTIFS(B6:B8,">="&1,C6:C8,B12,K6:K8,">="&0,I6:I8,">"&DATE(2021,1,1)) -> 0 | H12: =IF(G12=0,"-",(SUM(E12,F12)/G12)) -> - | I12: =IF((COUNTIFS(B6:B8,">="&1,C6:C8,"="&B12))>228,228,(COUNTIFS(B6:B8,">="&1,C6:C8,"="&B12))) -> 0 | J12: =IF(I12=0,"-",(COUNTIFS(C6:C8,"="&B12,I6:I8,"<="&DATE(2024,12,31),K6:K8,">="&0)/I12)) -> - | K12: =IF(I12=0,"-",IF(J12=1,"-",(COUNTIFS(B6:B8,">"&0,C6:C8,"="&B12,I6:I8,">"&DATE(2024,12,31),K6:K8,">="&0)/(I12-COUNTIFS(B6:B8,">"&0,C6:C8,"="&B12,I6:I8,"<="&DATE(2024,12,31),K6:K8,">="&0))))) -> - | L12: =IF(I12=0,"-",G12/I12) -> -
B13: Sem Info | C13: =COUNTIFS(B6:B8,">"&0,C6:C8,"="&B13) -> 0 | D13: =COUNTIFS(B6:B8,">="&1,C6:C8,B13,K6:K8,">="&0,K6:K8,"<"&50) -> 0 | E13: =COUNTIFS(B6:B8,">="&1,C6:C8,B13,K6:K8,">="&50,K6:K8,"<"&500) -> 0 | F13: =COUNTIFS(B6:B7,">="&1,C6:C7,B13,K6:K7,">="&500) -> 0 | G13: =COUNTIFS(B6:B8,">="&1,C6:C8,B13,K6:K8,">="&0,I6:I8,">"&DATE(2021,1,1)) -> 0 | H13: =IF(G13=0,"-",(SUM(E13,F13)/G13)) -> - | I13: =IF((COUNTIFS(B6:B7,">="&1,C6:C7,"="&B13))>228,228,(COUNTIFS(B6:B7,">="&1,C6:C7,"="&B13))) -> 0 | J13: =IF(I13=0,"-",(COUNTIFS(C6:C8,"="&B13,I6:I8,"<="&DATE(2024,12,31),K6:K8,">="&0)/I13)) -> - | K13: =IF(I13=0,"-",IF(J13=1,"-",(COUNTIFS(B6:B8,">"&0,C6:C8,"="&B13,I6:I8,">"&DATE(2024,12,31),K6:K8,">="&0)/(I13-COUNTIFS(B6:B8,">"&0,C6:C8,"="&B13,I6:I8,"<="&DATE(2024,12,31),K6:K8,">="&0))))) -> - | L13: =IF(I13=0,"-",G13/I13) -> -
B14: Totais | C14: =SUM(C11:C13) -> 0 | D14: =SUM(D11:D13) -> 0 | E14: =SUM(E11:E13) -> 0 | F14: =SUM(F11:F13) -> 0 | G14: =SUM(G11:G13) -> 0 | H14: =IF(G14=0,"-",(SUM(E14,F14)/G14)) -> - | I14: =SUM(I11:I13) -> 0 | J14: =IF(I14=0,"-",(COUNTIFS(I6:I8,"<="&DATE(2024,12,31),K6:K8,">="&0)/I14)) -> - | K14: =IF(I14=0,"-",IF(J14=1,"-",(COUNTIFS(B6:B8,">"&0,I6:I8,">"&DATE(2024,12,31),K6:K8,">="&0)/(I14-COUNTIFS(B6:B8,">"&0,I6:I8,"<="&DATE(2024,12,31),K6:K8,">="&0))))) -> - | L14: =IF(I14=0,"-",G14/I14) -> -
B17: =_xlfn.CONCAT("Disjuntores com extinção de arco OMI (PVO e GVO)",TEXT(IF(SUM(I51:I53)=0," ",(SUM(G51:G53)/SUM(I51:I53))), " 0,00%")) -> Disjuntores com extinção de arco OMI (PVO e GVO)
B18: ID | C18: Sub-Família | D18: Descrição | E18: N. Série | F18: Tombamento | G18: Ano de Fabricação | H18: N. Operativo | I18: Data Análise | J18: Tipo Análise | K18: Resultado | L18: Evidência de Teste
B19: =IF(C19="","",ROW($A$1))
B20: =IF(C20="","",B19+1)
B21: =IF(C21="","",B20+1)
B22: =IF(C22="","",B21+1)
B23: =IF(C23="","",B22+1)
B24: =IF(C24="","",B23+1)
B25: =IF(C25="","",B24+1)
B26: =IF(C26="","",B25+1)
B27: =IF(C27="","",B26+1)
B28: =IF(C28="","",B27+1)
B29: =IF(C29="","",B28+1)
B30: =IF(C30="","",B29+1)
B31: =IF(C31="","",B30+1)
... B48: =IF(C48="","",B47+1)
B49: Totais
B50: Sub-Família | C50: Equipamentos | D50: Não Contaminados | E50: Contaminados | F50: PCB | G50: Testes Realizados | H50: Tx. Contaminação | I50: Meta Manual | J50: Avanço 24 | K50: Avanço 25 | L50: Avanço Meta Manual
B51: Até 1988 | C51: =COUNTIFS(B19:B48,">"&0,C19:C48,"="&B51) -> 0 | D51: =COUNTIFS(B19:B48,">="&1,C19:C48,B51,K19:K48,">="&0,K19:K48,"<"&50) -> 0 | E51: =COUNTIFS(B19:B48,">="&1,C19:C48,B51,K19:K48,">="&50,K19:K48,"<"&500) -> 0 | F51: =COUNTIFS(B19:B48,">="&1,C19:C48,B51,K19:K48,">="&500) -> 0 | G51: =COUNTIFS(B19:B48,">="&1,C19:C48,B51,K19:K48,">="&0,I19:I48,">"&DATE(2021,1,1)) -> 0 | H51: =IF(G51=0,"-",(SUM(E51,F51)/G51)) -> - | I51: =IF((COUNTIFS(B19:B48,">="&1,C19:C48,"="&B51))>228,228,(COUNTIFS(B19:B48,">="&1,C19:C48,"="&B51))) -> 0 | J51: =IF(I51=0,"-",(COUNTIFS(C19:C48,"="&B51,I19:I48,"<="&DATE(2024,12,31),K19:K48,">="&0)/I51)) -> - | K51: =IF(I51=0,"-",IF(J51=1,"-",(COUNTIFS(B19:B48,">"&0,C19:C48,"="&B51,I19:I48,">"&DATE(2024,12,31),K19:K48,">="&0)/(I51-COUNTIFS(B19:B48,">"&0,C19:C48,"="&B51,I19:I48,"<="&DATE(2024,12,31),K19:K48,">="&0))))) -> - | L51: =IF(I51=0,"-",G51/I51) -> -
B52: Após 1988 | C52: =COUNTIFS(B19:B48,">"&0,C19:C48,"="&B52) -> 0 | D52: =COUNTIFS(B19:B48,">="&1,C19:C48,B52,K19:K48,">="&0,K19:K48,"<"&50) -> 0 | E52: =COUNTIFS(B19:B48,">="&1,C19:C48,B52,K19:K48,">="&50,K19:K48,"<"&500) -> 0 | F52: =COUNTIFS(B19:B48,">="&1,C19:C48,B52,K19:K48,">="&500) -> 0 | G52: =COUNTIFS(B19:B48,">="&1,C19:C48,B52,K19:K48,">="&0,I19:I48,">"&DATE(2021,1,1)) -> 0 | H52: =IF(G52=0,"-",(SUM(E52,F52)/G52)) -> - | I52: =IF((COUNTIFS(B19:B48,">="&1,C19:C48,"="&B52))>228,228,(COUNTIFS(B19:B48,">="&1,C19:C48,"="&B52))) -> 0 | J52: =IF(I52=0,"-",(COUNTIFS(C19:C48,"="&B52,I19:I48,"<="&DATE(2024,12,31),K19:K48,">="&0)/I52)) -> - | K52: =IF(I52=0,"-",IF(J52=1,"-",(COUNTIFS(B19:B48,">"&0,C19:C48,"="&B52,I19:I48,">"&DATE(2024,12,31),K19:K48,">="&0)/(I52-COUNTIFS(B19:B48,">"&0,C19:C48,"="&B52,I19:I48,"<="&DATE(2024,12,31),K19:K48,">="&0))))) -> - | L52: =IF(I52=0,"-",G52/I52) -> -
B53: Sem Info | C53: =COUNTIFS(B19:B48,">"&0,C19:C48,"="&B53) -> 0 | D53: =COUNTIFS(B19:B48,">="&1,C19:C48,B53,K19:K48,">="&0,K19:K48,"<"&50) -> 0 | E53: =COUNTIFS(B19:B48,">="&1,C19:C48,B53,K19:K48,">="&50,K19:K48,"<"&500) -> 0 | F53: =COUNTIFS(B19:B47,">="&1,C19:C47,B53,K19:K47,">="&500) -> 0 | G53: =COUNTIFS(B19:B48,">="&1,C19:C48,B53,K19:K48,">="&0,I19:I48,">"&DATE(2021,1,1)) -> 0 | H53: =IF(G53=0,"-",(SUM(E53,F53)/G53)) -> - | I53: =IF((COUNTIFS(B19:B47,">="&1,C19:C47,"="&B53))>228,228,(COUNTIFS(B19:B47,">="&1,C19:C47,"="&B53))) -> 0 | J53: =IF(I53=0,"-",(COUNTIFS(C19:C48,"="&B53,I19:I48,"<="&DATE(2024,12,31),K19:K48,">="&0)/I53)) -> - | K53: =IF(I53=0,"-",IF(J53=1,"-",(COUNTIFS(B19:B48,">"&0,C19:C48,"="&B53,I19:I48,">"&DATE(2024,12,31),K19:K48,">="&0)/(I53-COUNTIFS(B19:B48,">"&0,C19:C48,"="&B53,I19:I48,"<="&DATE(2024,12,31),K19:K48,">="&0))))) -> - | L53: =IF(I53=0,"-",G53/I53) -> -
B54: Totais | C54: =SUM(C51:C53) -> 0 | D54: =SUM(D51:D53) -> 0 | E54: =SUM(E51:E53) -> 0 | F54: =SUM(F51:F53) -> 0 | G54: =SUM(G51:G53) -> 0 | H54: =IF(G54=0,"-",(SUM(E54,F54)/G54)) -> - | I54: =SUM(I51:I53) -> 0 | J54: =IF(I54=0,"-",(COUNTIFS(I19:I48,"<="&DATE(2024,12,31),K19:K48,">="&0)/I54)) -> - | K54: =IF(I54=0,"-",IF(J54=1,"-",(COUNTIFS(B19:B48,">"&0,I19:I48,">"&DATE(2024,12,31),K19:K48,">="&0)/(I54-COUNTIFS(B19:B48,">"&0,I19:I48,"<="&DATE(2024,12,31),K19:K48,">="&0))))) -> - | L54: =IF(I54=0,"-",G54/I54) -> -
B57: =_xlfn.CONCAT("Religadores",TEXT(IF(SUM(I83:I85)=0," ",(SUM(G83:G85)/SUM(I83:I85))), " 0,00%")) -> Religadores
B58: ID | C58: Sub-Família | D58: Descrição | E58: N. Série | F58: Tombamento | G58: Ano de Fabricação | H58: N. Operativo | I58: Data Análise | J58: Tipo Análise | K58: Resultado | L58: Evidência de Teste
B59: =IF(C59="","",ROW($A$1))
B60: =IF(C60="","",(B59+1))
B61: =IF(C61="","",(B60+1))
B62: =IF(C62="","",(B61+1))
B63: =IF(C63="","",(B62+1))
B64: =IF(C64="","",(B63+1))
B65: =IF(C65="","",(B64+1))
B66: =IF(C66="","",(B65+1))
B67: =IF(C67="","",(B66+1))
B68: =IF(C68="","",(B67+1))
B69: =IF(C69="","",(B68+1))
B70: =IF(C70="","",(B69+1))
B71: =IF(C71="","",(B70+1))
... B80: =IF(C80="","",(B79+1))
B81: Totais
B82: Sub-Família | C82: Equipamentos | D82: Não Contaminados | E82: Contaminados | F82: PCB | G82: Testes Realizados | H82: Tx. Contaminação | I82: Meta Manual | J82: Avanço 24 | K82: Avanço 25 | L82: Avanço Meta Manual
B83: Até 1988 | C83: =COUNTIFS(B59:B80,">"&0,C59:C80,"="&B83) -> 0 | D83: =COUNTIFS(B59:B80,">="&1,C59:C80,B83,K59:K80,">="&0,K59:K80,"<"&50) -> 0 | E83: =COUNTIFS(B59:B80,">="&1,C59:C80,B83,K59:K80,">="&50,K59:K80,"<"&500) -> 0 | F83: =COUNTIFS(B59:B80,">="&1,C59:C80,B83,K59:K80,">="&500) -> 0 | G83: =COUNTIFS(B59:B80,">="&1,C59:C80,B83,K59:K80,">="&0,I59:I80,">"&DATE(2021,1,1)) -> 0 | H83: =IF(G83=0,"-",(SUM(E83,F83)/G83)) -> - | I83: =IF((COUNTIFS(B59:B80,">="&1,C59:C80,"="&B83))>228,228,(COUNTIFS(B59:B80,">="&1,C59:C80,"="&B83))) -> 0 | J83: =IF(I83=0,"-",(COUNTIFS(C59:C80,"="&B83,I59:I80,"<="&DATE(2024,12,31),K59:K80,">="&0)/I83)) -> - | K83: =IF(I83=0,"-",IF(J83=1,"-",(COUNTIFS(B59:B80,">"&0,C59:C80,"="&B83,I59:I80,">"&DATE(2024,12,31),K59:K80,">="&0)/(I83-COUNTIFS(B59:B80,">"&0,C59:C80,"="&B83,I59:I80,"<="&DATE(2024,12,31),K59:K80,">="&0))))) -> - | L83: =IF(I83=0,"-",G83/I83) -> -
B84: Após 1988 | C84: =COUNTIFS(B59:B80,">"&0,C59:C80,"="&B84) -> 0 | D84: =COUNTIFS(B59:B80,">="&1,C59:C80,B84,K59:K80,">="&0,K59:K80,"<"&50) -> 0 | E84: =COUNTIFS(B59:B80,">="&1,C59:C80,B84,K59:K80,">="&50,K59:K80,"<"&500) -> 0 | F84: =COUNTIFS(B59:B80,">="&1,C59:C80,B84,K59:K80,">="&500) -> 0 | G84: =COUNTIFS(B59:B80,">="&1,C59:C80,B84,K59:K80,">="&0,I59:I80,">"&DATE(2021,1,1)) -> 0 | H84: =IF(G84=0,"-",(SUM(E84,F84)/G84)) -> - | I84: =IF((COUNTIFS(B59:B80,">="&1,C59:C80,"="&B84))>228,228,(COUNTIFS(B59:B80,">="&1,C59:C80,"="&B84))) -> 0 | J84: =IF(I84=0,"-",(COUNTIFS(C59:C80,"="&B84,I59:I80,"<="&DATE(2024,12,31),K59:K80,">="&0)/I84)) -> - | K84: =IF(I84=0,"-",IF(J84=1,"-",(COUNTIFS(B59:B80,">"&0,C59:C80,"="&B84,I59:I80,">"&DATE(2024,12,31),K59:K80,">="&0)/(I84-COUNTIFS(B59:B80,">"&0,C59:C80,"="&B84,I59:I80,"<="&DATE(2024,12,31),K59:K80,">="&0))))) -> - | L84: =IF(I84=0,"-",G84/I84) -> -
B85: Sem Info | C85: =COUNTIFS(B59:B80,">"&0,C59:C80,"="&B85) -> 0 | D85: =COUNTIFS(B59:B80,">="&1,C59:C80,B85,K59:K80,">="&0,K59:K80,"<"&50) -> 0 | E85: =COUNTIFS(B59:B80,">="&1,C59:C80,B85,K59:K80,">="&50,K59:K80,"<"&500) -> 0 | F85: =COUNTIFS(B59:B60,">="&1,C59:C60,B85,K59:K60,">="&500) -> 0 | G85: =COUNTIFS(B59:B80,">="&1,C59:C80,B85,K59:K80,">="&0,I59:I80,">"&DATE(2021,1,1)) -> 0 | H85: =IF(G85=0,"-",(SUM(E85,F85)/G85)) -> - | I85: =IF((COUNTIFS(B59:B60,">="&1,C59:C60,"="&B85))>228,228,(COUNTIFS(B59:B60,">="&1,C59:C60,"="&B85))) -> 0 | J85: =IF(I85=0,"-",(COUNTIFS(C59:C80,"="&B85,I59:I80,"<="&DATE(2024,12,31),K59:K80,">="&0)/I85)) -> - | K85: =IF(I85=0,"-",IF(J85=1,"-",(COUNTIFS(B59:B80,">"&0,C59:C80,"="&B85,I59:I80,">"&DATE(2024,12,31),K59:K80,">="&0)/(I85-COUNTIFS(B59:B80,">"&0,C59:C80,"="&B85,I59:I80,"<="&DATE(2024,12,31),K59:K80,">="&0))))) -> - | L85: =IF(I85=0,"-",G85/I85) -> -
B86: Totais | C86: =SUM(C83:C85) -> 0 | D86: =SUM(D83:D85) -> 0 | E86: =SUM(E83:E85) -> 0 | F86: =SUM(F83:F85) -> 0 | G86: =SUM(G83:G85) -> 0 | H86: =IF(G86=0,"-",(SUM(E86,F86)/G86)) -> - | I86: =SUM(I83:I85) -> 0 | J86: =IF(I86=0,"-",(COUNTIFS(I59:I80,"<="&DATE(2024,12,31),K59:K80,">="&0)/I86)) -> - | K86: =IF(I86=0,"-",IF(J86=1,"-",(COUNTIFS(B59:B80,">"&0,I59:I80,">"&DATE(2024,12,31),K59:K80,">="&0)/(I86-COUNTIFS(B59:B80,">"&0,I59:I80,"<="&DATE(2024,12,31),K59:K80,">="&0))))) -> - | L86: =IF(I86=0,"-",G86/I86) -> -
B89: =_xlfn.CONCAT("Reguladores de Tensão",TEXT(IF(SUM(I345:I347)=0," ",(SUM(G345:G347)/SUM(I345:I347))), " 0,00%")) -> Reguladores de Tensão
B90: ID | C90: Sub-Família | D90: Descrição | E90: N. Série | F90: Tombamento | G90: Ano de Fabricação | H90: N. Operativo | I90: Data Análise | J90: Tipo Análise | K90: Resultado | L90: Evidência de Teste
B91: =IF(C91="","",ROW($A$1))
B92: =IF(C92="","",(B91+1))
B93: =IF(C93="","",(B92+1))
B94: =IF(C94="","",(B93+1))
B95: =IF(C95="","",(B94+1))
B96: =IF(C96="","",(B95+1))
B97: =IF(C97="","",(B96+1))
B98: =IF(C98="","",(B97+1))
B99: =IF(C99="","",(B98+1))
B100: =IF(C100="","",(B99+1))
B101: =IF(C101="","",(B100+1))
B102: =IF(C102="","",(B101+1))
B103: =IF(C103="","",(B102+1))
... B324: =IF(C324="","",(B323+1))
B325: =IF(C325="","",(#REF!+1))
B326: =IF(C326="","",(B325+1))
B327: =IF(C327="","",(B326+1))
B328: =IF(C328="","",(B327+1))
B329: =IF(C329="","",(B328+1))
B330: =IF(C330="","",(B329+1))
B331: =IF(C331="","",(B330+1))
B332: =IF(C332="","",(B331+1))
B333: =IF(C333="","",(B332+1))
B334: =IF(C334="","",(B333+1))
B335: =IF(C335="","",(B334+1))
B336: =IF(C336="","",(B335+1))
B337: =IF(C337="","",(B336+1))
... B342: =IF(C342="","",(B341+1))
B343: Totais
B344: Sub-Família | C344: Equipamentos | D344: Não Contaminados | E344: Contaminados | F344: PCB | G344: Testes Realizados | H344: Tx. Contaminação | I344: Meta Manual | J344: Avanço 24 | K344: Avanço 25 | L344: Avanço Meta Manual
B345: Até 1988 | C345: =COUNTIFS(B91:B342,">"&0,C91:C342,"="&B345) -> 0 | D345: =COUNTIFS(B91:B342,">="&1,C91:C342,B345,K91:K342,">="&0,K91:K342,"<"&50) -> 0 | E345: =COUNTIFS(B91:B342,">="&1,C91:C342,B345,K91:K342,">="&50,K91:K342,"<"&500) -> 0 | F345: =COUNTIFS(B91:B342,">="&1,C91:C342,B345,K91:K342,">="&500) -> 0 | G345: =COUNTIFS(B91:B342,">="&1,C91:C342,B345,K91:K342,">="&0,I91:I342,">"&DATE(2021,1,1)) -> 0 | H345: =IF(G345=0,"-",(SUM(E345,F345)/G345)) -> - | I345: =IF((COUNTIFS(B91:B342,">="&1,C91:C342,"="&B345))>228,228,(COUNTIFS(B91:B342,">="&1,C91:C342,"="&B345))) -> 0 | J345: =IF(I345=0,"-",(COUNTIFS(C91:C342,"="&B345,I91:I342,"<="&DATE(2024,12,31),K91:K342,">="&0)/I345)) -> - | K345: =IF(I345=0,"-",IF(J345=1,"-",(COUNTIFS(B91:B342,">"&0,C91:C342,"="&B345,I91:I342,">"&DATE(2024,12,31),K91:K342,">="&0)/(I345-COUNTIFS(B91:B342,">"&0,C91:C342,"="&B345,I91:I342,"<="&DATE(2024,12,31),K91:K342,">="&0))))) -> - | L345: =IF(I345=0,"-",G345/I345) -> -
B346: Após 1988 | C346: =COUNTIFS(B91:B342,">"&0,C91:C342,"="&B346) -> 0 | D346: =COUNTIFS(B91:B342,">="&1,C91:C342,B346,K91:K342,">="&0,K91:K342,"<"&50) -> 0 | E346: =COUNTIFS(B91:B342,">="&1,C91:C342,B346,K91:K342,">="&50,K91:K342,"<"&500) -> 0 | F346: =COUNTIFS(B91:B342,">="&1,C91:C342,B346,K91:K342,">="&500) -> 0 | G346: =COUNTIFS(B91:B342,">="&1,C91:C342,B346,K91:K342,">="&0,I91:I342,">"&DATE(2021,1,1)) -> 0 | H346: =IF(G346=0,"-",(SUM(E346,F346)/G346)) -> - | I346: =IF((COUNTIFS(B91:B342,">="&1,C91:C342,"="&B346))>228,228,(COUNTIFS(B91:B342,">="&1,C91:C342,"="&B346))) -> 0 | J346: =IF(I346=0,"-",(COUNTIFS(C91:C342,"="&B346,I91:I342,"<="&DATE(2024,12,31),K91:K342,">="&0)/I346)) -> - | K346: =IF(I346=0,"-",IF(J346=1,"-",(COUNTIFS(B91:B342,">"&0,C91:C342,"="&B346,I91:I342,">"&DATE(2024,12,31),K91:K342,">="&0)/(I346-COUNTIFS(B91:B342,">"&0,C91:C342,"="&B346,I91:I342,"<="&DATE(2024,12,31),K91:K342,">="&0))))) -> - | L346: =IF(I346=0,"-",G346/I346) -> -
B347: Sem Info | C347: =COUNTIFS(B91:B342,">"&0,C91:C342,"="&B347) -> 0 | D347: =COUNTIFS(B91:B342,">="&1,C91:C342,B347,K91:K342,">="&0,K91:K342,"<"&50) -> 0 | E347: =COUNTIFS(B91:B342,">="&1,C91:C342,B347,K91:K342,">="&50,K91:K342,"<"&500) -> 0 | F347: =COUNTIFS(B91:B341,">="&1,C91:C341,B347,K91:K341,">="&500) -> 0 | G347: =COUNTIFS(B91:B342,">="&1,C91:C342,B347,K91:K342,">="&0,I91:I342,">"&DATE(2021,1,1)) -> 0 | H347: =IF(G347=0,"-",(SUM(E347,F347)/G347)) -> - | I347: =IF((COUNTIFS(B91:B341,">="&1,C91:C341,"="&B347))>228,228,(COUNTIFS(B91:B341,">="&1,C91:C341,"="&B347))) -> 0 | J347: =IF(I347=0,"-",(COUNTIFS(C91:C342,"="&B347,I91:I342,"<="&DATE(2024,12,31),K91:K342,">="&0)/I347)) -> - | K347: =IF(I347=0,"-",IF(J347=1,"-",(COUNTIFS(B91:B342,">"&0,C91:C342,"="&B347,I91:I342,">"&DATE(2024,12,31),K91:K342,">="&0)/(I347-COUNTIFS(B91:B342,">"&0,C91:C342,"="&B347,I91:I342,"<="&DATE(2024,12,31),K91:K342,">="&0))))) -> - | L347: =IF(I347=0,"-",G347/I347) -> -
B348: Totais | C348: =SUM(C345:C347) -> 0 | D348: =SUM(D345:D347) -> 0 | E348: =SUM(E345:E347) -> 0 | F348: =SUM(F345:F347) -> 0 | G348: =SUM(G345:G347) -> 0 | H348: =IF(G348=0,"-",(SUM(E348,F348)/G348)) -> - | I348: =SUM(I345:I347) -> 0 | J348: =IF(I348=0,"-",(COUNTIFS(I91:I342,"<="&DATE(2024,12,31),K91:K342,">="&0)/I348)) -> - | K348: =IF(I348=0,"-",IF(J348=1,"-",(COUNTIFS(B91:B342,">"&0,I91:I342,">"&DATE(2024,12,31),K91:K342,">="&0)/(I348-COUNTIFS(B91:B342,">"&0,I91:I342,"<="&DATE(2024,12,31),K91:K342,">="&0))))) -> - | L348: =IF(I348=0,"-",G348/I348) -> -
B351: =_xlfn.CONCAT("Outros Equipamentos ( TSAs,Chaves a Óleo entre Outros)",TEXT(IF(SUM(I455:I457)=0," ",(SUM(G455:G457)/SUM(I455:I457))), " 0,00%")) -> Outros Equipamentos ( TSAs,Chaves a Óleo entre Outros)
B352: ID | C352: Sub-Família | D352: Descrição | E352: N. Série | F352: Tombamento | G352: Ano de Fabricação | H352: N. Operativo | I352: Data Análise | J352: Tipo Análise | K352: Resultado | L352: Evidência de Teste
B353: =IF(C353="","",ROW($A$1))
B354: =IF(C354="","",(B353+1))
B355: =IF(C355="","",(B354+1))
B356: =IF(C356="","",(B355+1))
B357: =IF(C357="","",(B356+1))
B358: =IF(C358="","",(B357+1))
B359: =IF(C359="","",(B358+1))
...

Sheet ESS
B1: Informações de Testes Realizados
B4: =_xlfn.CONCAT("Transformadores de Rede Subterrânea",TEXT(IF(SUM(I11:I13)=0," ",(SUM(G11:G13)/SUM(I11:I13))), " 0,00%")) -> Transformadores de Rede Subterrânea
B5: ID | C5: Sub-Família | D5: Descrição | E5: N. Série | F5: Tombamento | G5: Ano de Fabricação | H5: N. Operativo | I5: Data Análise | J5: Tipo Análise | K5: Resultado | L5: Evidência de Teste
B6: =IF(C6="","",ROW($A$1))
B7: =IF(B6="","",(B6+1))
B9: Totais
B10: Sub-Família | C10: Equipamentos | D10: Não Contaminados | E10: Contaminados | F10: PCB | G10: Testes Realizados | H10: Tx. Contaminação | I10: Meta Manual | J10: Avanço 24 | K10: Avanço 25 | L10: Avanço Meta Manual
B11: Até 1988 | C11: =COUNTIFS(B6:B8,">"&0,C6:C8,"="&B11) -> 0 | D11: =COUNTIFS(B6:B8,">="&1,C6:C8,B11,K6:K8,">="&0,K6:K8,"<"&50) -> 0 | E11: =COUNTIFS(B6:B8,">="&1,C6:C8,B11,K6:K8,">="&50,K6:K8,"<"&500) -> 0 | F11: =COUNTIFS(B6:B8,">="&1,C6:C8,B11,K6:K8,">="&500) -> 0 | G11: =COUNTIFS(B6:B8,">="&1,C6:C8,B11,K6:K8,">="&0,I6:I8,">"&DATE(2021,1,1)) -> 0 | H11: =IF(G11=0,"-",(SUM(E11,F11)/G11)) -> - | I11: =IF((COUNTIFS(B6:B8,">="&1,C6:C8,"="&B11))>228,228,(COUNTIFS(B6:B8,">="&1,C6:C8,"="&B11))) -> 0 | J11: =IF(I11=0,"-",(COUNTIFS(C6:C8,"="&B11,I6:I8,"<="&DATE(2024,12,31),K6:K8,">="&0)/I11)) -> - | K11: =IF(I11=0,"-",IF(J11=1,"-",(COUNTIFS(B6:B8,">"&0,C6:C8,"="&B11,I6:I8,">"&DATE(2024,12,31),K6:K8,">="&0)/(I11-COUNTIFS(B6:B8,">"&0,C6:C8,"="&B11,I6:I8,"<="&DATE(2024,12,31),K6:K8,">="&0))))) -> - | L11: =IF(I11=0,"-",G11/I11) -> -
B12: Após 1988 | C12: =COUNTIFS(B6:B8,">"&0,C6:C8,"="&B12) -> 0 | D12: =COUNTIFS(B6:B8,">="&1,C6:C8,B12,K6:K8,">="&0,K6:K8,"<"&50) -> 0 | E12: =COUNTIFS(B6:B8,">="&1,C6:C8,B12,K6:K8,">="&50,K6:K8,"<"&500) -> 0 | F12: =COUNTIFS(B6:B8,">="&1,C6:C8,B12,K6:K8,">="&500) -> 0 | G12: =COUNTIFS(B6:B8,">="&1,C6:C8,B12,K6:K8,">="&0,I6:I8,">"&DATE(2021,1,1)) -> 0 | H12: =IF(G12=0,"-",(SUM(E12,F12)/G12)) -> - | I12: =IF((COUNTIFS(B6:B8,">="&1,C6:C8,"="&B12))>228,228,(COUNTIFS(B6:B8,">="&1,C6:C8,"="&B12))) -> 0 | J12: =IF(I12=0,"-",(COUNTIFS(C6:C8,"="&B12,I6:I8,"<="&DATE(2024,12,31),K6:K8,">="&0)/I12)) -> - | K12: =IF(I12=0,"-",IF(J12=1,"-",(COUNTIFS(B6:B8,">"&0,C6:C8,"="&B12,I6:I8,">"&DATE(2024,12,31),K6:K8,">="&0)/(I12-COUNTIFS(B6:B8,">"&0,C6:C8,"="&B12,I6:I8,"<="&DATE(2024,12,31),K6:K8,">="&0))))) -> - | L12: =IF(I12=0,"-",G12/I12) -> -
B13: Sem Info | C13: =COUNTIFS(B6:B8,">"&0,C6:C8,"="&B13) -> 0 | D13: =COUNTIFS(B6:B8,">="&1,C6:C8,B13,K6:K8,">="&0,K6:K8,"<"&50) -> 0 | E13: =COUNTIFS(B6:B8,">="&1,C6:C8,B13,K6:K8,">="&50,K6:K8,"<"&500) -> 0 | F13: =COUNTIFS(B6:B7,">="&1,C6:C7,B13,K6:K7,">="&500) -> 0 | G13: =COUNTIFS(B6:B8,">="&1,C6:C8,B13,K6:K8,">="&0,I6:I8,">"&DATE(2021,1,1)) -> 0 | H13: =IF(G13=0,"-",(SUM(E13,F13)/G13)) -> - | I13: =IF((COUNTIFS(B6:B7,">="&1,C6:C7,"="&B13))>228,228,(COUNTIFS(B6:B7,">="&1,C6:C7,"="&B13))) -> 0 | J13: =IF(I13=0,"-",(COUNTIFS(C6:C8,"="&B13,I6:I8,"<="&DATE(2024,12,31),K6:K8,">="&0)/I13)) -> - | K13: =IF(I13=0,"-",IF(J13=1,"-",(COUNTIFS(B6:B8,">"&0,C6:C8,"="&B13,I6:I8,">"&DATE(2024,12,31),K6:K8,">="&0)/(I13-COUNTIFS(B6:B8,">"&0,C6:C8,"="&B13,I6:I8,"<="&DATE(2024,12,31),K6:K8,">="&0))))) -> - | L13: =IF(I13=0,"-",G13/I13) -> -
B14: Totais | C14: =SUM(C11:C13) -> 0 | D14: =SUM(D11:D13) -> 0 | E14: =SUM(E11:E13) -> 0 | F14: =SUM(F11:F13) -> 0 | G14: =SUM(G11:G13) -> 0 | H14: =IF(G14=0,"-",(SUM(E14,F14)/G14)) -> - | I14: =SUM(I11:I13) -> 0 | J14: =IF(I14=0,"-",(COUNTIFS(I6:I8,"<="&DATE(2024,12,31),K6:K8,">="&0)/I14)) -> - | K14: =IF(I14=0,"-",IF(J14=1,"-",(COUNTIFS(B6:B8,">"&0,I6:I8,">"&DATE(2024,12,31),K6:K8,">="&0)/(I14-COUNTIFS(B6:B8,">"&0,I6:I8,"<="&DATE(2024,12,31),K6:K8,">="&0))))) -> - | L14: =IF(I14=0,"-",G14/I14) -> -
B17: =_xlfn.CONCAT("Disjuntores com extinção de arco OMI (PVO e GVO)",TEXT(IF(SUM(I51:I53)=0," ",(SUM(G51:G53)/SUM(I51:I53))), " 0,00%")) -> Disjuntores com extinção de arco OMI (PVO e GVO)
B18: ID | C18: Sub-Família | D18: Descrição | E18: N. Série | F18: Tombamento | G18: Ano de Fabricação | H18: N. Operativo | I18: Data Análise | J18: Tipo Análise | K18: Resultado | L18: Evidência de Teste
B19: =IF(C19="","",ROW($A$1))
B20: =IF(C20="","",B19+1)
B21: =IF(C21="","",B20+1)
B22: =IF(C22="","",B21+1)
B23: =IF(C23="","",B22+1)
B24: =IF(C24="","",B23+1)
B25: =IF(C25="","",B24+1)
B26: =IF(C26="","",B25+1)
B27: =IF(C27="","",B26+1)
B28: =IF(C28="","",B27+1)
B29: =IF(C29="","",B28+1)
B30: =IF(C30="","",B29+1)
B31: =IF(C31="","",B30+1)
... B48: =IF(C48="","",B47+1)
B49: Totais
B50: Sub-Família | C50: Equipamentos | D50: Não Contaminados | E50: Contaminados | F50: PCB | G50: Testes Realizados | H50: Tx. Contaminação | I50: Meta Manual | J50: Avanço 24 | K50: Avanço 25 | L50: Avanço Meta Manual
B51: Até 1988 | C51: =COUNTIFS(B19:B48,">"&0,C19:C48,"="&B51) -> 0 | D51: =COUNTIFS(B19:B48,">="&1,C19:C48,B51,K19:K48,">="&0,K19:K48,"<"&50) -> 0 | E51: =COUNTIFS(B19:B48,">="&1,C19:C48,B51,K19:K48,">="&50,K19:K48,"<"&500) -> 0 | F51: =COUNTIFS(B19:B48,">="&1,C19:C48,B51,K19:K48,">="&500) -> 0 | G51: =COUNTIFS(B19:B48,">="&1,C19:C48,B51,K19:K48,">="&0,I19:I48,">"&DATE(2021,1,1)) -> 0 | H51: =IF(G51=0,"-",(SUM(E51,F51)/G51)) -> - | I51: =IF((COUNTIFS(B19:B48,">="&1,C19:C48,"="&B51))>228,228,(COUNTIFS(B19:B48,">="&1,C19:C48,"="&B51))) -> 0 | J51: =IF(I51=0,"-",(COUNTIFS(C19:C48,"="&B51,I19:I48,"<="&DATE(2024,12,31),K19:K48,">="&0)/I51)) -> - | K51: =IF(I51=0,"-",IF(J51=1,"-",(COUNTIFS(B19:B48,">"&0,C19:C48,"="&B51,I19:I48,">"&DATE(2024,12,31),K19:K48,">="&0)/(I51-COUNTIFS(B19:B48,">"&0,C19:C48,"="&B51,I19:I48,"<="&DATE(2024,12,31),K19:K48,">="&0))))) -> - | L51: =IF(I51=0,"-",G51/I51) -> -
B52: Após 1988 | C52: =COUNTIFS(B19:B48,">"&0,C19:C48,"="&B52) -> 0 | D52: =COUNTIFS(B19:B48,">="&1,C19:C48,B52,K19:K48,">="&0,K19:K48,"<"&50) -> 0 | E52: =COUNTIFS(B19:B48,">="&1,C19:C48,B52,K19:K48,">="&50,K19:K48,"<"&500) -> 0 | F52: =COUNTIFS(B19:B48,">="&1,C19:C48,B52,K19:K48,">="&500) -> 0 | G52: =COUNTIFS(B19:B48,">="&1,C19:C48,B52,K19:K48,">="&0,I19:I48,">"&DATE(2021,1,1)) -> 0 | H52: =IF(G52=0,"-",(SUM(E52,F52)/G52)) -> - | I52: =IF((COUNTIFS(B19:B48,">="&1,C19:C48,"="&B52))>228,228,(COUNTIFS(B19:B48,">="&1,C19:C48,"="&B52))) -> 0 | J52: =IF(I52=0,"-",(COUNTIFS(C19:C48,"="&B52,I19:I48,"<="&DATE(2024,12,31),K19:K48,">="&0)/I52)) -> - | K52: =IF(I52=0,"-",IF(J52=1,"-",(COUNTIFS(B19:B48,">"&0,C19:C48,"="&B52,I19:I48,">"&DATE(2024,12,31),K19:K48,">="&0)/(I52-COUNTIFS(B19:B48,">"&0,C19:C48,"="&B52,I19:I48,"<="&DATE(2024,12,31),K19:K48,">="&0))))) -> - | L52: =IF(I52=0,"-",G52/I52) -> -
B53: Sem Info | C53: =COUNTIFS(B19:B48,">"&0,C19:C48,"="&B53) -> 0 | D53: =COUNTIFS(B19:B48,">="&1,C19:C48,B53,K19:K48,">="&0,K19:K48,"<"&50) -> 0 | E53: =COUNTIFS(B19:B48,">="&1,C19:C48,B53,K19:K48,">="&50,K19:K48,"<"&500) -> 0 | F53: =COUNTIFS(B19:B47,">="&1,C19:C47,B53,K19:K47,">="&500) -> 0 | G53: =COUNTIFS(B19:B48,">="&1,C19:C48,B53,K19:K48,">="&0,I19:I48,">"&DATE(2021,1,1)) -> 0 | H53: =IF(G53=0,"-",(SUM(E53,F53)/G53)) -> - | I53: =IF((COUNTIFS(B19:B47,">="&1,C19:C47,"="&B53))>228,228,(COUNTIFS(B19:B47,">="&1,C19:C47,"="&B53))) -> 0 | J53: =IF(I53=0,"-",(COUNTIFS(C19:C48,"="&B53,I19:I48,"<="&DATE(2024,12,31),K19:K48,">="&0)/I53)) -> - | K53: =IF(I53=0,"-",IF(J53=1,"-",(COUNTIFS(B19:B48,">"&0,C19:C48,"="&B53,I19:I48,">"&DATE(2024,12,31),K19:K48,">="&0)/(I53-COUNTIFS(B19:B48,">"&0,C19:C48,"="&B53,I19:I48,"<="&DATE(2024,12,31),K19:K48,">="&0))))) -> - | L53: =IF(I53=0,"-",G53/I53) -> -
B54: Totais | C54: =SUM(C51:C53) -> 0 | D54: =SUM(D51:D53) -> 0 | E54: =SUM(E51:E53) -> 0 | F54: =SUM(F51:F53) -> 0 | G54: =SUM(G51:G53) -> 0 | H54: =IF(G54=0,"-",(SUM(E54,F54)/G54)) -> - | I54: =SUM(I51:I53) -> 0 | J54: =IF(I54=0,"-",(COUNTIFS(I19:I48,"<="&DATE(2024,12,31),K19:K48,">="&0)/I54)) -> - | K54: =IF(I54=0,"-",IF(J54=1,"-",(COUNTIFS(B19:B48,">"&0,I19:I48,">"&DATE(2024,12,31),K19:K48,">="&0)/(I54-COUNTIFS(B19:B48,">"&0,I19:I48,"<="&DATE(2024,12,31),K19:K48,">="&0))))) -> - | L54: =IF(I54=0,"-",G54/I54) -> -
B57: =_xlfn.CONCAT("Religadores",TEXT(IF(SUM(I83:I85)=0," ",(SUM(G83:G85)/SUM(I83:I85))), " 0,00%")) -> Religadores
B58: ID | C58: Sub-Família | D58: Descrição | E58: N. Série | F58: Tombamento | G58: Ano de Fabricação | H58: N. Operativo | I58: Data Análise | J58: Tipo Análise | K58: Resultado | L58: Evidência de Teste
B59: =IF(C59="","",ROW($A$1))
B60: =IF(C60="","",(B59+1))
B61: =IF(C61="","",(B60+1))
B62: =IF(C62="","",(B61+1))
B63: =IF(C63="","",(B62+1))
B64: =IF(C64="","",(B63+1))
B65: =IF(C65="","",(B64+1))
B66: =IF(C66="","",(B65+1))
B67: =IF(C67="","",(B66+1))
B68: =IF(C68="","",(B67+1))
B69: =IF(C69="","",(B68+1))
B70: =IF(C70="","",(B69+1))
B71: =IF(C71="","",(B70+1))
... B80: =IF(C80="","",(B79+1))
B81: Totais
B82: Sub-Família | C82: Equipamentos | D82: Não Contaminados | E82: Contaminados | F82: PCB | G82: Testes Realizados | H82: Tx. Contaminação | I82: Meta Manual | J82: Avanço 24 | K82: Avanço 25 | L82: Avanço Meta Manual
B83: Até 1988 | C83: =COUNTIFS(B59:B80,">"&0,C59:C80,"="&B83) -> 0 | D83: =COUNTIFS(B59:B80,">="&1,C59:C80,B83,K59:K80,">="&0,K59:K80,"<"&50) -> 0 | E83: =COUNTIFS(B59:B80,">="&1,C59:C80,B83,K59:K80,">="&50,K59:K80,"<"&500) -> 0 | F83: =COUNTIFS(B59:B80,">="&1,C59:C80,B83,K59:K80,">="&500) -> 0 | G83: =COUNTIFS(B59:B80,">="&1,C59:C80,B83,K59:K80,">="&0,I59:I80,">"&DATE(2021,1,1)) -> 0 | H83: =IF(G83=0,"-",(SUM(E83,F83)/G83)) -> - | I83: =IF((COUNTIFS(B59:B80,">="&1,C59:C80,"="&B83))>228,228,(COUNTIFS(B59:B80,">="&1,C59:C80,"="&B83))) -> 0 | J83: =IF(I83=0,"-",(COUNTIFS(C59:C80,"="&B83,I59:I80,"<="&DATE(2024,12,31),K59:K80,">="&0)/I83)) -> - | K83: =IF(I83=0,"-",IF(J83=1,"-",(COUNTIFS(B59:B80,">"&0,C59:C80,"="&B83,I59:I80,">"&DATE(2024,12,31),K59:K80,">="&0)/(I83-COUNTIFS(B59:B80,">"&0,C59:C80,"="&B83,I59:I80,"<="&DATE(2024,12,31),K59:K80,">="&0))))) -> - | L83: =IF(I83=0,"-",G83/I83) -> -
B84: Após 1988 | C84: =COUNTIFS(B59:B80,">"&0,C59:C80,"="&B84) -> 0 | D84: =COUNTIFS(B59:B80,">="&1,C59:C80,B84,K59:K80,">="&0,K59:K80,"<"&50) -> 0 | E84: =COUNTIFS(B59:B80,">="&1,C59:C80,B84,K59:K80,">="&50,K59:K80,"<"&500) -> 0 | F84: =COUNTIFS(B59:B80,">="&1,C59:C80,B84,K59:K80,">="&500) -> 0 | G84: =COUNTIFS(B59:B80,">="&1,C59:C80,B84,K59:K80,">="&0,I59:I80,">"&DATE(2021,1,1)) -> 0 | H84: =IF(G84=0,"-",(SUM(E84,F84)/G84)) -> - | I84: =IF((COUNTIFS(B59:B80,">="&1,C59:C80,"="&B84))>228,228,(COUNTIFS(B59:B80,">="&1,C59:C80,"="&B84))) -> 0 | J84: =IF(I84=0,"-",(COUNTIFS(C59:C80,"="&B84,I59:I80,"<="&DATE(2024,12,31),K59:K80,">="&0)/I84)) -> - | K84: =IF(I84=0,"-",IF(J84=1,"-",(COUNTIFS(B59:B80,">"&0,C59:C80,"="&B84,I59:I80,">"&DATE(2024,12,31),K59:K80,">="&0)/(I84-COUNTIFS(B59:B80,">"&0,C59:C80,"="&B84,I59:I80,"<="&DATE(2024,12,31),K59:K80,">="&0))))) -> - | L84: =IF(I84=0,"-",G84/I84) -> -
B85: Sem Info | C85: =COUNTIFS(B59:B80,">"&0,C59:C80,"="&B85) -> 0 | D85: =COUNTIFS(B59:B80,">="&1,C59:C80,B85,K59:K80,">="&0,K59:K80,"<"&50) -> 0 | E85: =COUNTIFS(B59:B80,">="&1,C59:C80,B85,K59:K80,">="&50,K59:K80,"<"&500) -> 0 | F85: =COUNTIFS(B59:B60,">="&1,C59:C60,B85,K59:K60,">="&500) -> 0 | G85: =COUNTIFS(B59:B80,">="&1,C59:C80,B85,K59:K80,">="&0,I59:I80,">"&DATE(2021,1,1)) -> 0 | H85: =IF(G85=0,"-",(SUM(E85,F85)/G85)) -> - | I85: =IF((COUNTIFS(B59:B60,">="&1,C59:C60,"="&B85))>228,228,(COUNTIFS(B59:B60,">="&1,C59:C60,"="&B85))) -> 0 | J85: =IF(I85=0,"-",(COUNTIFS(C59:C80,"="&B85,I59:I80,"<="&DATE(2024,12,31),K59:K80,">="&0)/I85)) -> - | K85: =IF(I85=0,"-",IF(J85=1,"-",(COUNTIFS(B59:B80,">"&0,C59:C80,"="&B85,I59:I80,">"&DATE(2024,12,31),K59:K80,">="&0)/(I85-COUNTIFS(B59:B80,">"&0,C59:C80,"="&B85,I59:I80,"<="&DATE(2024,12,31),K59:K80,">="&0))))) -> - | L85: =IF(I85=0,"-",G85/I85) -> -
B86: Totais | C86: =SUM(C83:C85) -> 0 | D86: =SUM(D83:D85) -> 0 | E86: =SUM(E83:E85) -> 0 | F86: =SUM(F83:F85) -> 0 | G86: =SUM(G83:G85) -> 0 | H86: =IF(G86=0,"-",(SUM(E86,F86)/G86)) -> - | I86: =SUM(I83:I85) -> 0 | J86: =IF(I86=0,"-",(COUNTIFS(I59:I80,"<="&DATE(2024,12,31),K59:K80,">="&0)/I86)) -> - | K86: =IF(I86=0,"-",IF(J86=1,"-",(COUNTIFS(B59:B80,">"&0,I59:I80,">"&DATE(2024,12,31),K59:K80,">="&0)/(I86-COUNTIFS(B59:B80,">"&0,I59:I80,"<="&DATE(2024,12,31),K59:K80,">="&0))))) -> - | L86: =IF(I86=0,"-",G86/I86) -> -
B89: =_xlfn.CONCAT("Reguladores de Tensão",TEXT(IF(SUM(I345:I347)=0," ",(SUM(G345:G347)/SUM(I345:I347))), " 0,00%")) -> Reguladores de Tensão
B90: ID | C90: Sub-Família | D90: Descrição | E90: N. Série | F90: Tombamento | G90: Ano de Fabricação | H90: N. Operativo | I90: Data Análise | J90: Tipo Análise | K90: Resultado | L90: Evidência de Teste
B91: =IF(C91="","",ROW($A$1))
B92: =IF(C92="","",(B91+1))
B93: =IF(C93="","",(B92+1))
B94: =IF(C94="","",(B93+1))
B95: =IF(C95="","",(B94+1))
B96: =IF(C96="","",(B95+1))
B97: =IF(C97="","",(B96+1))
B98: =IF(C98="","",(B97+1))
B99: =IF(C99="","",(B98+1))
B100: =IF(C100="","",(B99+1))
B101: =IF(C101="","",(B100+1))
B102: =IF(C102="","",(B101+1))
B103: =IF(C103="","",(B102+1))
... B342: =IF(C342="","",(B341+1))
B343: Totais
B344: Sub-Família | C344: Equipamentos | D344: Não Contaminados | E344: Contaminados | F344: PCB | G344: Testes Realizados | H344: Tx. Contaminação | I344: Meta Manual | J344: Avanço 24 | K344: Avanço 25 | L344: Avanço Meta Manual
B345: Até 1988 | C345: =COUNTIFS(B91:B342,">"&0,C91:C342,"="&B345) -> 0 | D345: =COUNTIFS(B91:B342,">="&1,C91:C342,B345,K91:K342,">="&0,K91:K342,"<"&50) -> 0 | E345: =COUNTIFS(B91:B342,">="&1,C91:C342,B345,K91:K342,">="&50,K91:K342,"<"&500) -> 0 | F345: =COUNTIFS(B91:B342,">="&1,C91:C342,B345,K91:K342,">="&500) -> 0 | G345: =COUNTIFS(B91:B342,">="&1,C91:C342,B345,K91:K342,">="&0,I91:I342,">"&DATE(2021,1,1)) -> 0 | H345: =IF(G345=0,"-",(SUM(E345,F345)/G345)) -> - | I345: =IF((COUNTIFS(B91:B342,">="&1,C91:C342,"="&B345))>228,228,(COUNTIFS(B91:B342,">="&1,C91:C342,"="&B345))) -> 0 | J345: =IF(I345=0,"-",(COUNTIFS(C91:C342,"="&B345,I91:I342,"<="&DATE(2024,12,31),K91:K342,">="&0)/I345)) -> - | K345: =IF(I345=0,"-",IF(J345=1,"-",(COUNTIFS(B91:B342,">"&0,C91:C342,"="&B345,I91:I342,">"&DATE(2024,12,31),K91:K342,">="&0)/(I345-COUNTIFS(B91:B342,">"&0,C91:C342,"="&B345,I91:I342,"<="&DATE(2024,12,31),K91:K342,">="&0))))) -> - | L345: =IF(I345=0,"-",G345/I345) -> -
B346: Após 1988 | C346: =COUNTIFS(B91:B342,">"&0,C91:C342,"="&B346) -> 0 | D346: =COUNTIFS(B91:B342,">="&1,C91:C342,B346,K91:K342,">="&0,K91:K342,"<"&50) -> 0 | E346: =COUNTIFS(B91:B342,">="&1,C91:C342,B346,K91:K342,">="&50,K91:K342,"<"&500) -> 0 | F346: =COUNTIFS(B91:B342,">="&1,C91:C342,B346,K91:K342,">="&500) -> 0 | G346: =COUNTIFS(B91:B342,">="&1,C91:C342,B346,K91:K342,">="&0,I91:I342,">"&DATE(2021,1,1)) -> 0 | H346: =IF(G346=0,"-",(SUM(E346,F346)/G346)) -> - | I346: =IF((COUNTIFS(B91:B342,">="&1,C91:C342,"="&B346))>228,228,(COUNTIFS(B91:B342,">="&1,C91:C342,"="&B346))) -> 0 | J346: =IF(I346=0,"-",(COUNTIFS(C91:C342,"="&B346,I91:I342,"<="&DATE(2024,12,31),K91:K342,">="&0)/I346)) -> - | K346: =IF(I346=0,"-",IF(J346=1,"-",(COUNTIFS(B91:B342,">"&0,C91:C342,"="&B346,I91:I342,">"&DATE(2024,12,31),K91:K342,">="&0)/(I346-COUNTIFS(B91:B342,">"&0,C91:C342,"="&B346,I91:I342,"<="&DATE(2024,12,31),K91:K342,">="&0))))) -> - | L346: =IF(I346=0,"-",G346/I346) -> -
B347: Sem Info | C347: =COUNTIFS(B91:B342,">"&0,C91:C342,"="&B347) -> 0 | D347: =COUNTIFS(B91:B342,">="&1,C91:C342,B347,K91:K342,">="&0,K91:K342,"<"&50) -> 0 | E347: =COUNTIFS(B91:B342,">="&1,C91:C342,B347,K91:K342,">="&50,K91:K342,"<"&500) -> 0 | F347: =COUNTIFS(B91:B341,">="&1,C91:C341,B347,K91:K341,">="&500) -> 0 | G347: =COUNTIFS(B91:B342,">="&1,C91:C342,B347,K91:K342,">="&0,I91:I342,">"&DATE(2021,1,1)) -> 0 | H347: =IF(G347=0,"-",(SUM(E347,F347)/G347)) -> - | I347: =IF((COUNTIFS(B91:B341,">="&1,C91:C341,"="&B347))>228,228,(COUNTIFS(B91:B341,">="&1,C91:C341,"="&B347))) -> 0 | J347: =IF(I347=0,"-",(COUNTIFS(C91:C342,"="&B347,I91:I342,"<="&DATE(2024,12,31),K91:K342,">="&0)/I347)) -> - | K347: =IF(I347=0,"-",IF(J347=1,"-",(COUNTIFS(B91:B342,">"&0,C91:C342,"="&B347,I91:I342,">"&DATE(2024,12,31),K91:K342,">="&0)/(I347-COUNTIFS(B91:B342,">"&0,C91:C342,"="&B347,I91:I342,"<="&DATE(2024,12,31),K91:K342,">="&0))))) -> - | L347: =IF(I347=0,"-",G347/I347) -> -
B348: Totais | C348: =SUM(C345:C347) -> 0 | D348: =SUM(D345:D347) -> 0 | E348: =SUM(E345:E347) -> 0 | F348: =SUM(F345:F347) -> 0 | G348: =SUM(G345:G347) -> 0 | H348: =IF(G348=0,"-",(SUM(E348,F348)/G348)) -> - | I348: =SUM(I345:I347) -> 0 | J348: =IF(I348=0,"-",(COUNTIFS(I91:I342,"<="&DATE(2024,12,31),K91:K342,">="&0)/I348)) -> - | K348: =IF(I348=0,"-",IF(J348=1,"-",(COUNTIFS(B91:B342,">"&0,I91:I342,">"&DATE(2024,12,31),K91:K342,">="&0)/(I348-COUNTIFS(B91:B342,">"&0,I91:I342,"<="&DATE(2024,12,31),K91:K342,">="&0))))) -> - | L348: =IF(I348=0,"-",G348/I348) -> -
B351: =_xlfn.CONCAT("Outros Equipamentos ( TSAs,Chaves a Óleo entre Outros)",TEXT(IF(SUM(I455:I457)=0," ",(SUM(G455:G457)/SUM(I455:I457))), " 0,00%")) -> Outros Equipamentos ( TSAs,Chaves a Óleo entre Outros)
B352: ID | C352: Sub-Família | D352: Descrição | E352: N. Série | F352: Tombamento | G352: Ano de Fabricação | H352: N. Operativo | I352: Data Análise | J352: Tipo Análise | K352: Resultado | L352: Evidência de Teste
B353: =IF(C353="","",ROW($A$1))
B354: =IF(C354="","",(B353+1))
B355: =IF(C355="","",(B354+1))
B356: =IF(C356="","",(B355+1))
B357: =IF(C357="","",(B356+1))
B358: =IF(C358="","",(B357+1))
B359: =IF(C359="","",(B358+1))
B360: =IF(C360="","",(B359+1))
B361: =IF(C361="","",(B360+1))
B362: =IF(C362="","",(B361+1))
B363: =IF(C363="","",(B362+1))
B364: =IF(C364="","",(B363+1))
B365: =IF(C365="","",(B364+1))
... B452: =IF(C452="","",(B451+1))
B453: Totais
B454: Sub-Família | C454: Equipamentos | D454: Não Contaminados | E454: Contaminados | F454: PCB | G454: Testes Realizados | H454: Tx. Contaminação | I454: Meta Manual | J454: Avanço 24 | K454: Avanço 25 | L454: Avanço Meta Manual
B455: Até 1988 | C455: =COUNTIFS(B353:B452,">"&0,C353:C452,"="&B455) -> 0 | D455: =COUNTIFS(B353:B452,">="&1,C353:C452,B455,K353:K452,">="&0,K353:K452,"<"&50) -> 0 | E455: =COUNTIFS(B353:B452,">="&1,C353:C452,B455,K353:K452,">="&50,K353:K452,"<"&500) -> 0 | F455: =COUNTIFS(B353:B452,">="&1,C353:C452,B455,K353:K452,">="&500) -> 0 | G455: =COUNTIFS(B353:B452,">="&1,C353:C452,B455,K353:K452,">="&0,I353:I452,">"&DATE(2021,1,1)) -> 0 | H455: =IF(G455=0,"-",(SUM(E455,F455)/G455)) -> - | I455: =IF((COUNTIFS(B353:B452,">="&1,C353:C452,"="&B455))>228,228,(COUNTIFS(B353:B452,">="&1,C353:C452,"="&B455))) -> 0 | J455: =IF(I455=0,"-",(COUNTIFS(C353:C452,"="&B455,I353:I452,"<="&DATE(2024,12,31),K353:K452,">="&0)/I455)) -> - | K455: =IF(I455=0,"-",IF(J455=1,"-",(COUNTIFS(B353:B452,">"&0,C353:C452,"="&B455,I353:I452,">"&DATE(2024,12,31),K353:K452,">="&0)/(I455-COUNTIFS(B353:B452,">"&0,C353:C452,"="&B455,I353:I452,"<="&DATE(2024,12,31),K353:K452,">="&0))))) -> - | L455: =IF(I455=0,"-",G455/I455) -> -
B456: Após 1988 | C456: =COUNTIFS(B353:B452,">"&0,C353:C452,"="&B456) -> 0 | D456: =COUNTIFS(B353:B452,">="&1,C353:C452,B456,K353:K452,">="&0,K353:K452,"<"&50) -> 0 | E456: =COUNTIFS(B353:B452,">="&1,C353:C452,B456,K353:K452,">="&50,K353:K452,"<"&500) -> 0 | F456: =COUNTIFS(B353:B452,">="&1,C353:C452,B456,K353:K452,">="&500) -> 0 | G456: =COUNTIFS(B353:B452,">="&1,C353:C452,B456,K353:K452,">="&0,I353:I452,">"&DATE(2021,1,1)) -> 0 | H456: =IF(G456=0,"-",(SUM(E456,F456)/G456)) -> - | I456: =IF((COUNTIFS(B353:B452,">="&1,C353:C452,"="&B456))>228,228,(COUNTIFS(B353:B452,">="&1,C353:C452,"="&B456))) -> 0 | J456: =IF(I456=0,"-",(COUNTIFS(C353:C452,"="&B456,I353:I452,"<="&DATE(2024,12,31),K353:K452,">="&0)/I456)) -> - | K456: =IF(I456=0,"-",IF(J456=1,"-",(COUNTIFS(B353:B452,">"&0,C353:C452,"="&B456,I353:I452,">"&DATE(2024,12,31),K353:K452,">="&0)/(I456-COUNTIFS(B353:B452,">"&0,C353:C452,"="&B456,I353:I452,"<="&DATE(2024,12,31),K353:K452,">="&0))))) -> - | L456: =IF(I456=0,"-",G456/I456) -> -
B457: Sem Info | C457: =COUNTIFS(B353:B452,">"&0,C353:C452,"="&B457) -> 0 | D457: =COUNTIFS(B353:B452,">="&1,C353:C452,B457,K353:K452,">="&0,K353:K452,"<"&50) -> 0 | E457: =COUNTIFS(B353:B452,">="&1,C353:C452,B457,K353:K452,">="&50,K353:K452,"<"&500) -> 0 | F457: =COUNTIFS(B353:B451,">="&1,C353:C451,B457,K353:K451,">="&500) -> 0 | G457: =COUNTIFS(B353:B452,">="&1,C353:C452,B457,K353:K452,">="&0,I353:I452,">"&DATE(2021,1,1)) -> 0 | H457: =IF(G457=0,"-",(SUM(E457,F457)/G457)) -> - | I457: =IF((COUNTIFS(B353:B451,">="&1,C353:C451,"="&B457))>228,228,(COUNTIFS(B353:B451,">="&1,C353:C451,"="&B457))) -> 0 | J457: =IF(I457=0,"-",(COUNTIFS(C353:C452,"="&B457,I353:I452,"<="&DATE(2024,12,31),K353:K452,">="&0)/I457)) -> - | K457: =IF(I457=0,"-",IF(J457=1,"-",(COUNTIFS(B353:B452,">"&0,C353:C452,"="&B457,I353:I452,">"&DATE(2024,12,31),K353:K452,">="&0)/(I457-COUNTIFS(B353:B452,">"&0,C353:C452,"="&B457,I353:I452,"<="&DATE(2024,12,31),K353:K452,">="&0))))) -> - | L457: =IF(I457=0,"-",G457/I457) -> -
B458: Totais | C458: =SUM(C455:C457) -> 0 | D458: =SUM(D455:D457) -> 0 | E458: =SUM(E455:E457) -> 0 | F458: =SUM(F455:F457) -> 0 | G458: =SUM(G455:G457) -> 0 | H458: =IF(G458=0,"-",(SUM(E458,F458)/G458)) -> - | I458: =SUM(I455:I457) -> 0 | J458: =IF(I458=0,"-",(COUNTIFS(I353:I452,"<="&DATE(2024,12,31),K353:K452,">="&0)/I458)) -> - | K458: =IF(I458=0,"-",IF(J458=1,"-",(COUNTIFS(B353:B452,">"&0,I353:I452,">"&DATE(2024,12,31),K353:K452,">="&0)/(I458-COUNTIFS(B353:B452,">"&0,I353:I452,"<="&DATE(2024,12,31),K353:K452,">="&0))))) -> - | L458: =IF(I458=0,"-",G458/I458) -> -
B461: =_xlfn.CONCAT("Transformadores de Distribuição - TD's",TEXT(IF(SUM(I1382:I1385)=0," ",(SUM(G1382:G1385)/SUM(I1382:I1385))), " 0,00%")) -> Transformadores de Distribuição - TD's 0,00%
...

Sheet ETO
B1: Informações de Testes Realizados
B4: =_xlfn.CONCAT("Transformadores de Rede Subterrânea",TEXT(IF(SUM(I11:I13)=0," ",(SUM(G11:G13)/SUM(I11:I13))), " 0,00%")) -> Transformadores de Rede Subterrânea
B5: ID | C5: Sub-Família | D5: Descrição | E5: N. Série | F5: Tombamento | G5: Ano de Fabricação | H5: N. Operativo | I5: Data Análise | J5: Tipo Análise | K5: Resultado | L5: Evidência de Teste
B6: =IF(C6="","",ROW($A$1))
B7: =IF(B6="","",(B6+1))
B9: Totais
B10: Sub-Família | C10: Equipamentos | D10: Não Contaminados | E10: Contaminados | F10: PCB | G10: Testes Realizados | H10: Tx. Contaminação | I10: Meta Manual | J10: Avanço 24 | K10: Avanço 25 | L10: Avanço Meta Manual
B11: Até 1988 | C11: =COUNTIFS(B6:B8,">"&0,C6:C8,"="&B11) -> 0 | D11: =COUNTIFS(B6:B8,">="&1,C6:C8,B11,K6:K8,">="&0,K6:K8,"<"&50) -> 0 | E11: =COUNTIFS(B6:B8,">="&1,C6:C8,B11,K6:K8,">="&50,K6:K8,"<"&500) -> 0 | F11: =COUNTIFS(B6:B8,">="&1,C6:C8,B11,K6:K8,">="&500) -> 0 | G11: =COUNTIFS(B6:B8,">="&1,C6:C8,B11,K6:K8,">="&0,I6:I8,">"&DATE(2021,1,1)) -> 0 | H11: =IF(G11=0,"-",(SUM(E11,F11)/G11)) -> - | I11: =IF((COUNTIFS(B6:B8,">="&1,C6:C8,"="&B11))>228,228,(COUNTIFS(B6:B8,">="&1,C6:C8,"="&B11))) -> 0 | J11: =IF(I11=0,"-",(COUNTIFS(C6:C8,"="&B11,I6:I8,"<="&DATE(2024,12,31),K6:K8,">="&0)/I11)) -> - | K11: =IF(I11=0,"-",IF(J11=1,"-",(COUNTIFS(B6:B8,">"&0,C6:C8,"="&B11,I6:I8,">"&DATE(2024,12,31),K6:K8,">="&0)/(I11-COUNTIFS(B6:B8,">"&0,C6:C8,"="&B11,I6:I8,"<="&DATE(2024,12,31),K6:K8,">="&0))))) -> - | L11: =IF(I11=0,"-",G11/I11) -> -
B12: Após 1988 | C12: =COUNTIFS(B6:B8,">"&0,C6:C8,"="&B12) -> 0 | D12: =COUNTIFS(B6:B8,">="&1,C6:C8,B12,K6:K8,">="&0,K6:K8,"<"&50) -> 0 | E12: =COUNTIFS(B6:B8,">="&1,C6:C8,B12,K6:K8,">="&50,K6:K8,"<"&500) -> 0 | F12: =COUNTIFS(B6:B8,">="&1,C6:C8,B12,K6:K8,">="&500) -> 0 | G12: =COUNTIFS(B6:B8,">="&1,C6:C8,B12,K6:K8,">="&0,I6:I8,">"&DATE(2021,1,1)) -> 0 | H12: =IF(G12=0,"-",(SUM(E12,F12)/G12)) -> - | I12: =IF((COUNTIFS(B6:B8,">="&1,C6:C8,"="&B12))>228,228,(COUNTIFS(B6:B8,">="&1,C6:C8,"="&B12))) -> 0 | J12: =IF(I12=0,"-",(COUNTIFS(C6:C8,"="&B12,I6:I8,"<="&DATE(2024,12,31),K6:K8,">="&0)/I12)) -> - | K12: =IF(I12=0,"-",IF(J12=1,"-",(COUNTIFS(B6:B8,">"&0,C6:C8,"="&B12,I6:I8,">"&DATE(2024,12,31),K6:K8,">="&0)/(I12-COUNTIFS(B6:B8,">"&0,C6:C8,"="&B12,I6:I8,"<="&DATE(2024,12,31),K6:K8,">="&0))))) -> - | L12: =IF(I12=0,"-",G12/I12) -> -
B13: Sem Info | C13: =COUNTIFS(B6:B8,">"&0,C6:C8,"="&B13) -> 0 | D13: =COUNTIFS(B6:B8,">="&1,C6:C8,B13,K6:K8,">="&0,K6:K8,"<"&50) -> 0 | E13: =COUNTIFS(B6:B8,">="&1,C6:C8,B13,K6:K8,">="&50,K6:K8,"<"&500) -> 0 | F13: =COUNTIFS(B6:B7,">="&1,C6:C7,B13,K6:K7,">="&500) -> 0 | G13: =COUNTIFS(B6:B8,">="&1,C6:C8,B13,K6:K8,">="&0,I6:I8,">"&DATE(2021,1,1)) -> 0 | H13: =IF(G13=0,"-",(SUM(E13,F13)/G13)) -> - | I13: =IF((COUNTIFS(B6:B7,">="&1,C6:C7,"="&B13))>228,228,(COUNTIFS(B6:B7,">="&1,C6:C7,"="&B13))) -> 0 | J13: =IF(I13=0,"-",(COUNTIFS(C6:C8,"="&B13,I6:I8,"<="&DATE(2024,12,31),K6:K8,">="&0)/I13)) -> - | K13: =IF(I13=0,"-",IF(J13=1,"-",(COUNTIFS(B6:B8,">"&0,C6:C8,"="&B13,I6:I8,">"&DATE(2024,12,31),K6:K8,">="&0)/(I13-COUNTIFS(B6:B8,">"&0,C6:C8,"="&B13,I6:I8,"<="&DATE(2024,12,31),K6:K8,">="&0))))) -> - | L13: =IF(I13=0,"-",G13/I13) -> -
B14: Totais | C14: =SUM(C11:C13) -> 0 | D14: =SUM(D11:D13) -> 0 | E14: =SUM(E11:E13) -> 0 | F14: =SUM(F11:F13) -> 0 | G14: =SUM(G11:G13) -> 0 | H14: =IF(G14=0,"-",(SUM(E14,F14)/G14)) -> - | I14: =SUM(I11:I13) -> 0 | J14: =IF(I14=0,"-",(COUNTIFS(I6:I8,"<="&DATE(2024,12,31),K6:K8,">="&0)/I14)) -> - | K14: =IF(I14=0,"-",IF(J14=1,"-",(COUNTIFS(B6:B8,">"&0,I6:I8,">"&DATE(2024,12,31),K6:K8,">="&0)/(I14-COUNTIFS(B6:B8,">"&0,I6:I8,"<="&DATE(2024,12,31),K6:K8,">="&0))))) -> - | L14: =IF(I14=0,"-",G14/I14) -> -
B17: =_xlfn.CONCAT("Disjuntores com extinção de arco OMI (PVO e GVO)",TEXT(IF(SUM(I51:I53)=0," ",(SUM(G51:G53)/SUM(I51:I53))), " 0,00%")) -> Disjuntores com extinção de arco OMI (PVO e GVO) 82,76%
B18: ID | C18: Sub-Família | D18: Descrição | E18: N. Série | F18: Tombamento | G18: Ano de Fabricação | H18: N. Operativo | I18: Data Análise | J18: Tipo Análise | K18: Resultado | L18: Evidência de Teste
B19: =IF(C19="","",ROW($A$1)) -> 1 | C19: Até 1988 | D19: Disjuntor 69kV | E19: 230 | I19: 45506 | J19: colorimetria | K19: 0
B20: =IF(C20="","",B19+1) -> 2 | C20: Após 1988 | D20: Disjuntor 13.8kV | E20: B 2662 | I20: 45241 | J20: cromatográfico | K20: 15.9
B21: =IF(C21="","",B20+1) -> 3 | C21: Até 1988 | D21: Disjuntor 15kV | E21: B 3546 | I21: 45241 | J21: colorimetria | K21: 100
B22: =IF(C22="","",B21+1) -> 4 | C22: Após 1988 | D22: Disjuntor 15kV | E22: B 2664 | I22: 45241 | J22: cromatográfico | K22: 33.5
B23: =IF(C23="","",B22+1) -> 5 | C23: Após 1988 | D23: Disjuntor 15kV | E23: B 5652 | G23: 1996 | I23: 45241 | J23: cromatográfico | K23: 22.8
B24: =IF(C24="","",B23+1) -> 6 | C24: Após 1988 | D24: Disjuntor 15kV | E24: B 2563 | I24: 45280 | J24: cromatográfico | K24: 22.6
B25: =IF(C25="","",B24+1) -> 7 | C25: Até 1988 | D25: Disjuntor 15kV | E25: B 2564 | I25: 46011 | J25: colorimetria | K25: 0
B26: =IF(C26="","",B25+1) -> 8 | C26: Até 1988 | D26: Disjuntor 34,5kV | E26: 1033 | I26: 45378 | J26: cromatográfico | K26: 38.9
B27: =IF(C27="","",B26+1) -> 9 | C27: Até 1988 | D27: Disjuntor 69kV | E27: 116371-3 | G27: 1980 | I27: 45386 | J27: cromatográfico | K27: 30.2
B28: =IF(C28="","",B27+1) -> 10 | C28: Até 1988 | D28: Disjuntor 69kV | E28: 116371-6 | G28: 1980 | I28: 45386 | J28: cromatográfico | K28: 24.9
B29: =IF(C29="","",B28+1) -> 11 | C29: Até 1988 | D29: Disjuntor 69kV | E29: 118831-1 | G29: 1988 | I29: 45386 | J29: cromatográfico | K29: 36.8
B30: =IF(C30="","",B29+1) -> 12 | C30: Até 1988 | D30: Disjuntor 69kV | E30: 1981/11-992/7 | G30: 1981 | I30: 45393 | J30: cromatográfico | K30: 21.8
B31: =IF(C31="","",B30+1) -> 13 | C31: Até 1988 | D31: Disjuntor 69kV | E31: 224722 | I31: 45734 | J31: cromatográfico | K31: 23
B32: =IF(C32="","",B31+1) -> 14 | C32: Até 1988 | D32: Disjuntor 69kV | E32: 227 | I32: 45464 | J32: cromatográfico | K32: 19.2
B33: =IF(C33="","",B32+1) -> 15 | C33: Até 1988 | D33: Disjuntor 15kV | E33: 3939 | G33: 1970 | I33: 45487 | J33: cromatográfico | K33: 15.3
B34: =IF(C34="","",B33+1) -> 16 | C34: Até 1988 | D34: Disjuntor 69kV | E34: 409/500 | G34: 1980 | I34: 45386 | J34: cromatográfico | K34: 31.7
B35: =IF(C35="","",B34+1) -> 17 | C35: Até 1988 | D35: Disjuntor 69kV | E35: 409/524 - 2 | G35: 1975 | I35: 45386 | J35: cromatográfico | K35: 30.6
B36: =IF(C36="","",B35+1) -> 18 | C36: Até 1988 | D36: Disjuntor 69kV | E36: 409/524 - 3 | G36: 1975 | I36: 45386 | J36: cromatográfico | K36: 28.6
B37: =IF(C37="","",B36+1) -> 19 | C37: Até 1988 | D37: Disjuntor 69kV | E37: 409/524 - 1 | G37: 1975 | I37: 45386 | J37: cromatográfico | K37: 33.2
B38: =IF(C38="","",B37+1) -> 20 | C38: Até 1988 | D38: Disjuntor 69kV | E38: 409/524 - 4 | G38: 1978 | I38: 45734 | J38: cromatográfico | K38: 30.9
B39: =IF(C39="","",B38+1) -> 21 | C39: Após 1988 | D39: Disjuntor 69kV | E39: 409/541 | G39: 1989 | I39: 45497 | J39: cromatográfico | K39: 26
B40: =IF(C40="","",B39+1) -> 22 | C40: Após 1988 | D40: Disjuntor 15kV | E40: B 3547 | G40: 1993 | I40: 45280 | J40: cromatográfico | K40: 30.2
B41: =IF(C41="","",B40+1) -> 23 | C41: Após 1988 | D41: Disjuntor 15kV | E41: B 2553 | G41: 1989 | I41: 45378 | J41: cromatográfico | K41: 0
B42: =IF(C42="","",B41+1) -> 24 | C42: Após 1988 | D42: Disjuntor 15kV | E42: B3558 | G42: 1993 | I42: 45365 | J42: cromatográfico | K42: 22
B43: =IF(C43="","",B42+1) -> 25 | C43: Após 1988
B44: =IF(C44="","",B43+1) -> 26 | C44: Após 1988
B45: =IF(C45="","",B44+1) -> 27 | C45: Após 1988
B46: =IF(C46="","",B45+1) -> 28 | C46: Após 1988
B47: =IF(C47="","",B46+1) -> 29 | C47: Após 1988
B48: =IF(C48="","",B47+1)
B49: Totais
B50: Sub-Família | C50: Equipamentos | D50: Não Contaminados | E50: Contaminados | F50: PCB | G50: Testes Realizados | H50: Tx. Contaminação | I50: Meta Manual | J50: Avanço 24 | K50: Avanço 25 | L50: Avanço Meta Manual
B51: Até 1988 | C51: =COUNTIFS(B19:B48,">"&0,C19:C48,"="&B51) -> 16 | D51: =COUNTIFS(B19:B48,">="&1,C19:C48,B51,K19:K48,">="&0,K19:K48,"<"&50) -> 15 | E51: =COUNTIFS(B19:B48,">="&1,C19:C48,B51,K19:K48,">="&50,K19:K48,"<"&500) -> 1 | F51: =COUNTIFS(B19:B48,">="&1,C19:C48,B51,K19:K48,">="&500) -> 0 | G51: =COUNTIFS(B19:B48,">="&1,C19:C48,B51,K19:K48,">="&0,I19:I48,">"&DATE(2021,1,1)) -> 16 | H51: =IF(G51=0,"-",(SUM(E51,F51)/G51)) -> 0.0625 | I51: =IF((COUNTIFS(B19:B48,">="&1,C19:C48,"="&B51))>228,228,(COUNTIFS(B19:B48,">="&1,C19:C48,"="&B51))) -> 16 | J51: =IF(I51=0,"-",(COUNTIFS(C19:C48,"="&B51,I19:I48,"<="&DATE(2024,12,31),K19:K48,">="&0)/I51)) -> 0.8125 | K51: =IF(I51=0,"-",IF(J51=1,"-",(COUNTIFS(B19:B48,">"&0,C19:C48,"="&B51,I19:I48,">"&DATE(2024,12,31),K19:K48,">="&0)/(I51-COUNTIFS(B19:B48,">"&0,C19:C48,"="&B51,I19:I48,"<="&DATE(2024,12,31),K19:K48,">="&0))))) -> 1 | L51: =IF(I51=0,"-",G51/I51) -> 1
B52: Após 1988 | C52: =COUNTIFS(B19:B48,">"&0,C19:C48,"="&B52) -> 13 | D52: =COUNTIFS(B19:B48,">="&1,C19:C48,B52,K19:K48,">="&0,K19:K48,"<"&50) -> 8 | E52: =COUNTIFS(B19:B48,">="&1,C19:C48,B52,K19:K48,">="&50,K19:K48,"<"&500) -> 0 | F52: =COUNTIFS(B19:B48,">="&1,C19:C48,B52,K19:K48,">="&500) -> 0 | G52: =COUNTIFS(B19:B48,">="&1,C19:C48,B52,K19:K48,">="&0,I19:I48,">"&DATE(2021,1,1)) -> 8 | H52: =IF(G52=0,"-",(SUM(E52,F52)/G52)) -> 0 | I52: =IF((COUNTIFS(B19:B48,">="&1,C19:C48,"="&B52))>228,228,(COUNTIFS(B19:B48,">="&1,C19:C48,"="&B52))) -> 13 | J52: =IF(I52=0,"-",(COUNTIFS(C19:C48,"="&B52,I19:I48,"<="&DATE(2024,12,31),K19:K48,">="&0)/I52)) -> 0.61538462 | K52: =IF(I52=0,"-",IF(J52=1,"-",(COUNTIFS(B19:B48,">"&0,C19:C48,"="&B52,I19:I48,">"&DATE(2024,12,31),K19:K48,">="&0)/(I52-COUNTIFS(B19:B48,">"&0,C19:C48,"="&B52,I19:I48,"<="&DATE(2024,12,31),K19:K48,">="&0))))) -> 0 | L52: =IF(I52=0,"-",G52/I52) -> 0.61538462
B53: Sem Info | C53: =COUNTIFS(B19:B48,">"&0,C19:C48,"="&B53) -> 0 | D53: =COUNTIFS(B19:B48,">="&1,C19:C48,B53,K19:K48,">="&0,K19:K48,"<"&50) -> 0 | E53: =COUNTIFS(B19:B48,">="&1,C19:C48,B53,K19:K48,">="&50,K19:K48,"<"&500) -> 0 | F53: =COUNTIFS(B19:B47,">="&1,C19:C47,B53,K19:K47,">="&500) -> 0 | G53: =COUNTIFS(B19:B48,">="&1,C19:C48,B53,K19:K48,">="&0,I19:I48,">"&DATE(2021,1,1)) -> 0 | H53: =IF(G53=0,"-",(SUM(E53,F53)/G53)) -> - | I53: =IF((COUNTIFS(B19:B47,">="&1,C19:C47,"="&B53))>228,228,(COUNTIFS(B19:B47,">="&1,C19:C47,"="&B53))) -> 0 | J53: =IF(I53=0,"-",(COUNTIFS(C19:C48,"="&B53,I19:I48,"<="&DATE(2024,12,31),K19:K48,">="&0)/I53)) -> - | K53: =IF(I53=0,"-",IF(J53=1,"-",(COUNTIFS(B19:B48,">"&0,C19:C48,"="&B53,I19:I48,">"&DATE(2024,12,31),K19:K48,">="&0)/(I53-COUNTIFS(B19:B48,">"&0,C19:C48,"="&B53,I19:I48,"<="&DATE(2024,12,31),K19:K48,">="&0))))) -> - | L53: =IF(I53=0,"-",G53/I53) -> -
B54: Totais | C54: =SUM(C51:C53) -> 29 | D54: =SUM(D51:D53) -> 23 | E54: =SUM(E51:E53) -> 1 | F54: =SUM(F51:F53) -> 0 | G54: =SUM(G51:G53) -> 24 | H54: =IF(G54=0,"-",(SUM(E54,F54)/G54)) -> 0.041666667 | I54: =SUM(I51:I53) -> 29 | J54: =IF(I54=0,"-",(COUNTIFS(I19:I48,"<="&DATE(2024,12,31),K19:K48,">="&0)/I54)) -> 0.72413793 | K54: =IF(I54=0,"-",IF(J54=1,"-",(COUNTIFS(B19:B48,">"&0,I19:I48,">"&DATE(2024,12,31),K19:K48,">="&0)/(I54-COUNTIFS(B19:B48,">"&0,I19:I48,"<="&DATE(2024,12,31),K19:K48,">="&0))))) -> 0.375 | L54: =IF(I54=0,"-",G54/I54) -> 0.82758621
B57: =_xlfn.CONCAT("Religadores",TEXT(IF(SUM(I83:I85)=0," ",(SUM(G83:G85)/SUM(I83:I85))), " 0,00%")) -> Religadores 0,00%
B58: ID | C58: Sub-Família | D58: Descrição | E58: N. Série | F58: Tombamento | G58: Ano de Fabricação | H58: N. Operativo | I58: Data Análise | J58: Tipo Análise | K58: Resultado | L58: Evidência de Teste
B59: =IF(C59="","",ROW($A$1)) -> 1 | C59: Após 1988 | D59: Religador
B60: =IF(C60="","",(B59+1)) -> 2 | C60: Após 1988 | D60: Religador
B61: =IF(C61="","",(B60+1)) -> 3 | C61: Após 1988 | D61: Religador
B62: =IF(C62="","",(B61+1)) -> 4 | C62: Após 1988 | D62: Religador
B63: =IF(C63="","",(B62+1)) -> 5 | C63: Após 1988 | D63: Religador
B64: =IF(C64="","",(B63+1)) -> 6 | C64: Após 1988 | D64: Religador
B65: =IF(C65="","",(B64+1)) -> 7 | C65: Após 1988 | D65: Religador
B66: =IF(C66="","",(B65+1)) -> 8 | C66: Após 1988 | D66: Religador
B67: =IF(C67="","",(B66+1)) -> 9 | C67: Após 1988 | D67: Religador
B68: =IF(C68="","",(B67+1)) -> 10 | C68: Após 1988 | D68: Religador
B69: =IF(C69="","",(B68+1)) -> 11 | C69: Após 1988 | D69: Religador
B70: =IF(C70="","",(B69+1)) -> 12 | C70: Após 1988 | D70: Religador
B71: =IF(C71="","",(B70+1)) -> 13 | C71: Após 1988 | D71: Religador
... B76: =IF(C76="","",(B75+1)) -> 18 | C76: Após 1988 | D76: Religador
B77: =IF(C77="","",(B76+1))
B78: =IF(C78="","",(B77+1))
B79: =IF(C79="","",(B78+1))
B80: =IF(C80="","",(B79+1))
B81: Totais
B82: Sub-Família | C82: Equipamentos | D82: Não Contaminados | E82: Contaminados | F82: PCB | G82: Testes Realizados | H82: Tx. Contaminação | I82: Meta Manual | J82: Avanço 24 | K82: Avanço 25 | L82: Avanço Meta Manual
B83: Até 1988 | C83: =COUNTIFS(B59:B80,">"&0,C59:C80,"="&B83) -> 0 | D83: =COUNTIFS(B59:B80,">="&1,C59:C80,B83,K59:K80,">="&0,K59:K80,"<"&50) -> 0 | E83: =COUNTIFS(B59:B80,">="&1,C59:C80,B83,K59:K80,">="&50,K59:K80,"<"&500) -> 0 | F83: =COUNTIFS(B59:B80,">="&1,C59:C80,B83,K59:K80,">="&500) -> 0 | G83: =COUNTIFS(B59:B80,">="&1,C59:C80,B83,K59:K80,">="&0,I59:I80,">"&DATE(2021,1,1)) -> 0 | H83: =IF(G83=0,"-",(SUM(E83,F83)/G83)) -> - | I83: =IF((COUNTIFS(B59:B80,">="&1,C59:C80,"="&B83))>228,228,(COUNTIFS(B59:B80,">="&1,C59:C80,"="&B83))) -> 0 | J83: =IF(I83=0,"-",(COUNTIFS(C59:C80,"="&B83,I59:I80,"<="&DATE(2024,12,31),K59:K80,">="&0)/I83)) -> - | K83: =IF(I83=0,"-",IF(J83=1,"-",(COUNTIFS(B59:B80,">"&0,C59:C80,"="&B83,I59:I80,">"&DATE(2024,12,31),K59:K80,">="&0)/(I83-COUNTIFS(B59:B80,">"&0,C59:C80,"="&B83,I59:I80,"<="&DATE(2024,12,31),K59:K80,">="&0))))) -> - | L83: =IF(I83=0,"-",G83/I83) -> -
B84: Após 1988 | C84: =COUNTIFS(B59:B80,">"&0,C59:C80,"="&B84) -> 18 | D84: =COUNTIFS(B59:B80,">="&1,C59:C80,B84,K59:K80,">="&0,K59:K80,"<"&50) -> 0 | E84: =COUNTIFS(B59:B80,">="&1,C59:C80,B84,K59:K80,">="&50,K59:K80,"<"&500) -> 0 | F84: =COUNTIFS(B59:B80,">="&1,C59:C80,B84,K59:K80,">="&500) -> 0 | G84: =COUNTIFS(B59:B80,">="&1,C59:C80,B84,K59:K80,">="&0,I59:I80,">"&DATE(2021,1,1)) -> 0 | H84: =IF(G84=0,"-",(SUM(E84,F84)/G84)) -> - | I84: =IF((COUNTIFS(B59:B80,">="&1,C59:C80,"="&B84))>228,228,(COUNTIFS(B59:B80,">="&1,C59:C80,"="&B84))) -> 18 | J84: =IF(I84=0,"-",(COUNTIFS(C59:C80,"="&B84,I59:I80,"<="&DATE(2024,12,31),K59:K80,">="&0)/I84)) -> 0 | K84: =IF(I84=0,"-",IF(J84=1,"-",(COUNTIFS(B59:B80,">"&0,C59:C80,"="&B84,I59:I80,">"&DATE(2024,12,31),K59:K80,">="&0)/(I84-COUNTIFS(B59:B80,">"&0,C59:C80,"="&B84,I59:I80,"<="&DATE(2024,12,31),K59:K80,">="&0))))) -> 0 | L84: =IF(I84=0,"-",G84/I84) -> 0
B85: Sem Info | C85: =COUNTIFS(B59:B80,">"&0,C59:C80,"="&B85) -> 0 | D85: =COUNTIFS(B59:B80,">="&1,C59:C80,B85,K59:K80,">="&0,K59:K80,"<"&50) -> 0 | E85: =COUNTIFS(B59:B80,">="&1,C59:C80,B85,K59:K80,">="&50,K59:K80,"<"&500) -> 0 | F85: =COUNTIFS(B59:B60,">="&1,C59:C60,B85,K59:K60,">="&500) -> 0 | G85: =COUNTIFS(B59:B80,">="&1,C59:C80,B85,K59:K80,">="&0,I59:I80,">"&DATE(2021,1,1)) -> 0 | H85: =IF(G85=0,"-",(SUM(E85,F85)/G85)) -> - | I85: =IF((COUNTIFS(B59:B60,">="&1,C59:C60,"="&B85))>228,228,(COUNTIFS(B59:B60,">="&1,C59:C60,"="&B85))) -> 0 | J85: =IF(I85=0,"-",(COUNTIFS(C59:C80,"="&B85,I59:I80,"<="&DATE(2024,12,31),K59:K80,">="&0)/I85)) -> - | K85: =IF(I85=0,"-",IF(J85=1,"-",(COUNTIFS(B59:B80,">"&0,C59:C80,"="&B85,I59:I80,">"&DATE(2024,12,31),K59:K80,">="&0)/(I85-COUNTIFS(B59:B80,">"&0,C59:C80,"="&B85,I59:I80,"<="&DATE(2024,12,31),K59:K80,">="&0))))) -> - | L85: =IF(I85=0,"-",G85/I85) -> -
B86: Totais | C86: =SUM(C83:C85) -> 18 | D86: =SUM(D83:D85) -> 0 | E86: =SUM(E83:E85) -> 0 | F86: =SUM(F83:F85) -> 0 | G86: =SUM(G83:G85) -> 0 | H86: =IF(G86=0,"-",(SUM(E86,F86)/G86)) -> - | I86: =SUM(I83:I85) -> 18 | J86: =IF(I86=0,"-",(COUNTIFS(I59:I80,"<="&DATE(2024,12,31),K59:K80,">="&0)/I86)) -> 0 | K86: =IF(I86=0,"-",IF(J86=1,"-",(COUNTIFS(B59:B80,">"&0,I59:I80,">"&DATE(2024,12,31),K59:K80,">="&0)/(I86-COUNTIFS(B59:B80,">"&0,I59:I80,"<="&DATE(2024,12,31),K59:K80,">="&0))))) -> 0 | L86: =IF(I86=0,"-",G86/I86) -> 0
B89: =_xlfn.CONCAT("Reguladores de Tensão",TEXT(IF(SUM(I345:I347)=0," ",(SUM(G345:G347)/SUM(I345:I347))), " 0,00%")) -> Reguladores de Tensão 9,40%
B90: ID | C90: Sub-Família | D90: Descrição | E90: N. Série | F90: Tombamento | G90: Ano de Fabricação | H90: N. Operativo | I90: Data Análise | J90: Tipo Análise | K90: Resultado | L90: Evidência de Teste
B91: =IF(C91="","",ROW($A$1)) -> 1 | C91: Sem Info
B92: =IF(C92="","",(B91+1)) -> 2 | C92: Até 1988 | D92: Regulador | E92: L201598PKL | G92: 1988 | I92: 45484 | J92: cromatográfica | K92: 48.5
B93: =IF(C93="","",(B92+1)) -> 3 | C93: Até 1988 | D93: Regulador | E93: L713688TEN | G93: 1988 | I93: 45505 | J93: colometrica | K93: 0
B94: =IF(C94="","",(B93+1)) -> 4 | C94: Até 1988 | D94: Regulador | E94: L201598PLL | G94: 1988 | I94: 45484 | J94: cromatográfica | K94: 48.5
B95: =IF(C95="","",(B94+1)) -> 5 | C95: Até 1988 | D95: Regulador | E95: IGF8510148 | G95: 1985 | I95: 44952 | J95: cromatográfica | K95: 28.5
B96: =IF(C96="","",(B95+1)) -> 6 | C96: Até 1988 | D96: Regulador | E96: J228395 | G96: 1988 | I96: 45806 | J96: cromatográfica | K96: 26.1
B97: =IF(C97="","",(B96+1)) -> 7 | C97: Após 1988 | D97: Regulador | E97: E12877 | G97: 2013 | I97: 45552 | J97: cromatográfica | K97: 46.2
B98: =IF(C98="","",(B97+1)) -> 8 | C98: Após 1988 | D98: Regulador | E98: E13870 | G98: 2013 | I98: 45552 | J98: cromatográfica | K98: 51.1
B99: =IF(C99="","",(B98+1)) -> 9 | C99: Após 1988 | D99: Regulador | E99: E13871 | G99: 2012 | I99: 45496 | J99: cromatográfica | K99: 0
B100: =IF(C100="","",(B99+1)) -> 10 | C100: Após 1988 | D100: Regulador | E100: E14272 | G100: 2014 | I100: 45337 | J100: cromatográfica | K100: 0
B101: =IF(C101="","",(B100+1)) -> 11 | C101: Após 1988 | D101: Regulador | E101: E14273 | G101: 2014 | I101: 45337 | J101: cromatográfica | K101: 0
B102: =IF(C102="","",(B101+1)) -> 12 | C102: Após 1988 | D102: Regulador | E102: E14275 | G102: 2014 | I102: 45337 | J102: cromatográfica | K102: 0
B103: =IF(C103="","",(B102+1)) -> 13 | C103: Após 1988 | D103: Regulador | E103: E15134 | G103: 2018 | I103: 45392 | J103: cromatográfica | K103: 39
... B113: =IF(C113="","",(B112+1)) -> 23 | C113: Após 1988 | D113: Regulador | E113: E16380 | G113: 2016 | I113: 45440 | J113: cromatográfica | K113: 17.3
B114: =IF(C114="","",(B113+1)) -> 24 | C114: Após 1988
B115: =IF(C115="","",(B114+1)) -> 25 | C115: Após 1988
B116: =IF(C116="","",(B115+1)) -> 26 | C116: Após 1988
B117: =IF(C117="","",(B116+1)) -> 27 | C117: Após 1988
B118: =IF(C118="","",(B117+1)) -> 28 | C118: Após 1988
B119: =IF(C119="","",(B118+1)) -> 29 | C119: Após 1988
B120: =IF(C120="","",(B119+1)) -> 30 | C120: Após 1988
B121: =IF(C121="","",(B120+1)) -> 31 | C121: Após 1988
B122: =IF(C122="","",(B121+1)) -> 32 | C122: Após 1988
...

Sheet ERO
B1: Informações de Testes Realizados
B4: =_xlfn.CONCAT("Transformadores de Rede Subterrânea",TEXT(IF(SUM(I11:I13)=0," ",(SUM(G11:G13)/SUM(I11:I13))), " 0,00%")) -> Transformadores de Rede Subterrânea
B5: ID | C5: Sub-Família | D5: Descrição | E5: N. Série | F5: Tombamento | G5: Ano de Fabricação | H5: N. Operativo | I5: Data Análise | J5: Tipo Análise | K5: Resultado | L5: Evidência de Teste
B6: =IF(C6="","",ROW($A$1))
B7: =IF(B6="","",(B6+1))
B9: Totais
B10: Sub-Família | C10: Equipamentos | D10: Não Contaminados | E10: Contaminados | F10: PCB | G10: Testes Realizados | H10: Tx. Contaminação | I10: Meta Manual | J10: Avanço 24 | K10: Avanço 25 | L10: Avanço Meta Manual
B11: Até 1988 | C11: =COUNTIFS(B6:B8,">"&0,C6:C8,"="&B11) -> 0 | D11: =COUNTIFS(B6:B8,">="&1,C6:C8,B11,K6:K8,">="&0,K6:K8,"<"&50) -> 0 | E11: =COUNTIFS(B6:B8,">="&1,C6:C8,B11,K6:K8,">="&50,K6:K8,"<"&500) -> 0 | F11: =COUNTIFS(B6:B8,">="&1,C6:C8,B11,K6:K8,">="&500) -> 0 | G11: =COUNTIFS(B6:B8,">="&1,C6:C8,B11,K6:K8,">="&0,I6:I8,">"&DATE(2021,1,1)) -> 0 | H11: =IF(G11=0,"-",(SUM(E11,F11)/G11)) -> - | I11: =IF((COUNTIFS(B6:B8,">="&1,C6:C8,"="&B11))>228,228,(COUNTIFS(B6:B8,">="&1,C6:C8,"="&B11))) -> 0 | J11: =IF(I11=0,"-",(COUNTIFS(C6:C8,"="&B11,I6:I8,"<="&DATE(2024,12,31),K6:K8,">="&0)/I11)) -> - | K11: =IF(I11=0,"-",IF(J11=1,"-",(COUNTIFS(B6:B8,">"&0,C6:C8,"="&B11,I6:I8,">"&DATE(2024,12,31),K6:K8,">="&0)/(I11-COUNTIFS(B6:B8,">"&0,C6:C8,"="&B11,I6:I8,"<="&DATE(2024,12,31),K6:K8,">="&0))))) -> - | L11: =IF(I11=0,"-",G11/I11) -> -
B12: Após 1988 | C12: =COUNTIFS(B6:B8,">"&0,C6:C8,"="&B12) -> 0 | D12: =COUNTIFS(B6:B8,">="&1,C6:C8,B12,K6:K8,">="&0,K6:K8,"<"&50) -> 0 | E12: =COUNTIFS(B6:B8,">="&1,C6:C8,B12,K6:K8,">="&50,K6:K8,"<"&500) -> 0 | F12: =COUNTIFS(B6:B8,">="&1,C6:C8,B12,K6:K8,">="&500) -> 0 | G12: =COUNTIFS(B6:B8,">="&1,C6:C8,B12,K6:K8,">="&0,I6:I8,">"&DATE(2021,1,1)) -> 0 | H12: =IF(G12=0,"-",(SUM(E12,F12)/G12)) -> - | I12: =IF((COUNTIFS(B6:B8,">="&1,C6:C8,"="&B12))>228,228,(COUNTIFS(B6:B8,">="&1,C6:C8,"="&B12))) -> 0 | J12: =IF(I12=0,"-",(COUNTIFS(C6:C8,"="&B12,I6:I8,"<="&DATE(2024,12,31),K6:K8,">="&0)/I12)) -> - | K12: =IF(I12=0,"-",IF(J12=1,"-",(COUNTIFS(B6:B8,">"&0,C6:C8,"="&B12,I6:I8,">"&DATE(2024,12,31),K6:K8,">="&0)/(I12-COUNTIFS(B6:B8,">"&0,C6:C8,"="&B12,I6:I8,"<="&DATE(2024,12,31),K6:K8,">="&0))))) -> - | L12: =IF(I12=0,"-",G12/I12) -> -
B13: Sem Info | C13: =COUNTIFS(B6:B8,">"&0,C6:C8,"="&B13) -> 0 | D13: =COUNTIFS(B6:B8,">="&1,C6:C8,B13,K6:K8,">="&0,K6:K8,"<"&50) -> 0 | E13: =COUNTIFS(B6:B8,">="&1,C6:C8,B13,K6:K8,">="&50,K6:K8,"<"&500) -> 0 | F13: =COUNTIFS(B6:B7,">="&1,C6:C7,B13,K6:K7,">="&500) -> 0 | G13: =COUNTIFS(B6:B8,">="&1,C6:C8,B13,K6:K8,">="&0,I6:I8,">"&DATE(2021,1,1)) -> 0 | H13: =IF(G13=0,"-",(SUM(E13,F13)/G13)) -> - | I13: =IF((COUNTIFS(B6:B7,">="&1,C6:C7,"="&B13))>228,228,(COUNTIFS(B6:B7,">="&1,C6:C7,"="&B13))) -> 0 | J13: =IF(I13=0,"-",(COUNTIFS(C6:C8,"="&B13,I6:I8,"<="&DATE(2024,12,31),K6:K8,">="&0)/I13)) -> - | K13: =IF(I13=0,"-",IF(J13=1,"-",(COUNTIFS(B6:B8,">"&0,C6:C8,"="&B13,I6:I8,">"&DATE(2024,12,31),K6:K8,">="&0)/(I13-COUNTIFS(B6:B8,">"&0,C6:C8,"="&B13,I6:I8,"<="&DATE(2024,12,31),K6:K8,">="&0))))) -> - | L13: =IF(I13=0,"-",G13/I13) -> -
B14: Totais | C14: =SUM(C11:C13) -> 0 | D14: =SUM(D11:D13) -> 0 | E14: =SUM(E11:E13) -> 0 | F14: =SUM(F11:F13) -> 0 | G14: =SUM(G11:G13) -> 0 | H14: =IF(G14=0,"-",(SUM(E14,F14)/G14)) -> - | I14: =SUM(I11:I13) -> 0 | J14: =IF(I14=0,"-",(COUNTIFS(I6:I8,"<="&DATE(2024,12,31),K6:K8,">="&0)/I14)) -> - | K14: =IF(I14=0,"-",IF(J14=1,"-",(COUNTIFS(B6:B8,">"&0,I6:I8,">"&DATE(2024,12,31),K6:K8,">="&0)/(I14-COUNTIFS(B6:B8,">"&0,I6:I8,"<="&DATE(2024,12,31),K6:K8,">="&0))))) -> - | L14: =IF(I14=0,"-",G14/I14) -> -
B17: =_xlfn.CONCAT("Disjuntores com extinção de arco OMI (PVO e GVO)",TEXT(IF(SUM(I51:I53)=0," ",(SUM(G51:G53)/SUM(I51:I53))), " 0,00%")) -> Disjuntores com extinção de arco OMI (PVO e GVO) 82,76%
B18: ID | C18: Sub-Família | D18: Descrição | E18: N. Série | F18: Tombamento | G18: Ano de Fabricação | H18: N. Operativo | I18: Data Análise | J18: Tipo Análise | K18: Resultado | L18: Evidência de Teste
B19: =IF(C19="","",ROW($A$1)) -> 1 | C19: Até 1988 | D19: Disjuntor 69kV | E19: 230 | I19: 45506 | J19: colorimetria | K19: 0
B20: =IF(C20="","",B19+1) -> 2 | C20: Após 1988 | D20: Disjuntor 13.8kV | E20: B 2662 | I20: 45241 | J20: cromatográfico | K20: 15.9
B21: =IF(C21="","",B20+1) -> 3 | C21: Até 1988 | D21: Disjuntor 15kV | E21: B 3546 | I21: 45241 | J21: colorimetria | K21: 100
B22: =IF(C22="","",B21+1) -> 4 | C22: Após 1988 | D22: Disjuntor 15kV | E22: B 2664 | I22: 45241 | J22: cromatográfico | K22: 33.5
B23: =IF(C23="","",B22+1) -> 5 | C23: Após 1988 | D23: Disjuntor 15kV | E23: B 5652 | G23: 1996 | I23: 45241 | J23: cromatográfico | K23: 22.8
B24: =IF(C24="","",B23+1) -> 6 | C24: Após 1988 | D24: Disjuntor 15kV | E24: B 2563 | I24: 45280 | J24: cromatográfico | K24: 22.6
B25: =IF(C25="","",B24+1) -> 7 | C25: Até 1988 | D25: Disjuntor 15kV | E25: B 2564 | I25: 46011 | J25: colorimetria | K25: 0
B26: =IF(C26="","",B25+1) -> 8 | C26: Até 1988 | D26: Disjuntor 34,5kV | E26: 1033 | I26: 45378 | J26: cromatográfico | K26: 38.9
B27: =IF(C27="","",B26+1) -> 9 | C27: Até 1988 | D27: Disjuntor 69kV | E27: 116371-3 | G27: 1980 | I27: 45386 | J27: cromatográfico | K27: 30.2
B28: =IF(C28="","",B27+1) -> 10 | C28: Até 1988 | D28: Disjuntor 69kV | E28: 116371-6 | G28: 1980 | I28: 45386 | J28: cromatográfico | K28: 24.9
B29: =IF(C29="","",B28+1) -> 11 | C29: Até 1988 | D29: Disjuntor 69kV | E29: 118831-1 | G29: 1988 | I29: 45386 | J29: cromatográfico | K29: 36.8
B30: =IF(C30="","",B29+1) -> 12 | C30: Até 1988 | D30: Disjuntor 69kV | E30: 1981/11-992/7 | G30: 1981 | I30: 45393 | J30: cromatográfico | K30: 21.8
B31: =IF(C31="","",B30+1) -> 13 | C31: Até 1988 | D31: Disjuntor 69kV | E31: 224722 | I31: 45734 | J31: cromatográfico | K31: 23
B32: =IF(C32="","",B31+1) -> 14 | C32: Até 1988 | D32: Disjuntor 69kV | E32: 227 | I32: 45464 | J32: cromatográfico | K32: 19.2
B33: =IF(C33="","",B32+1) -> 15 | C33: Até 1988 | D33: Disjuntor 15kV | E33: 3939 | G33: 1970 | I33: 45487 | J33: cromatográfico | K33: 15.3
B34: =IF(C34="","",B33+1) -> 16 | C34: Até 1988 | D34: Disjuntor 69kV | E34: 409/500 | G34: 1980 | I34: 45386 | J34: cromatográfico | K34: 31.7
B35: =IF(C35="","",B34+1) -> 17 | C35: Até 1988 | D35: Disjuntor 69kV | E35: 409/524 - 2 | G35: 1975 | I35: 45386 | J35: cromatográfico | K35: 30.6
B36: =IF(C36="","",B35+1) -> 18 | C36: Até 1988 | D36: Disjuntor 69kV | E36: 409/524 - 3 | G36: 1975 | I36: 45386 | J36: cromatográfico | K36: 28.6
B37: =IF(C37="","",B36+1) -> 19 | C37: Até 1988 | D37: Disjuntor 69kV | E37: 409/524 - 1 | G37: 1975 | I37: 45386 | J37: cromatográfico | K37: 33.2
B38: =IF(C38="","",B37+1) -> 20 | C38: Até 1988 | D38: Disjuntor 69kV | E38: 409/524 - 4 | G38: 1978 | I38: 45734 | J38: cromatográfico | K38: 30.9
B39: =IF(C39="","",B38+1) -> 21 | C39: Após 1988 | D39: Disjuntor 69kV | E39: 409/541 | G39: 1989 | I39: 45497 | J39: cromatográfico | K39: 26
B40: =IF(C40="","",B39+1) -> 22 | C40: Após 1988 | D40: Disjuntor 15kV | E40: B 3547 | G40: 1993 | I40: 45280 | J40: cromatográfico | K40: 30.2
B41: =IF(C41="","",B40+1) -> 23 | C41: Após 1988 | D41: Disjuntor 15kV | E41: B 2553 | G41: 1989 | I41: 45378 | J41: cromatográfico | K41: 0
B42: =IF(C42="","",B41+1) -> 24 | C42: Após 1988 | D42: Disjuntor 15kV | E42: B3558 | G42: 1993 | I42: 45365 | J42: cromatográfico | K42: 22
B43: =IF(C43="","",B42+1) -> 25 | C43: Após 1988
B44: =IF(C44="","",B43+1) -> 26 | C44: Após 1988
B45: =IF(C45="","",B44+1) -> 27 | C45: Após 1988
B46: =IF(C46="","",B45+1) -> 28 | C46: Após 1988
B47: =IF(C47="","",B46+1) -> 29 | C47: Após 1988
B48: =IF(C48="","",B47+1)
B49: Totais
B50: Sub-Família | C50: Equipamentos | D50: Não Contaminados | E50: Contaminados | F50: PCB | G50: Testes Realizados | H50: Tx. Contaminação | I50: Meta Manual | J50: Avanço 24 | K50: Avanço 25 | L50: Avanço Meta Manual
B51: Até 1988 | C51: =COUNTIFS(B19:B48,">"&0,C19:C48,"="&B51) -> 16 | D51: =COUNTIFS(B19:B48,">="&1,C19:C48,B51,K19:K48,">="&0,K19:K48,"<"&50) -> 15 | E51: =COUNTIFS(B19:B48,">="&1,C19:C48,B51,K19:K48,">="&50,K19:K48,"<"&500) -> 1 | F51: =COUNTIFS(B19:B48,">="&1,C19:C48,B51,K19:K48,">="&500) -> 0 | G51: =COUNTIFS(B19:B48,">="&1,C19:C48,B51,K19:K48,">="&0,I19:I48,">"&DATE(2021,1,1)) -> 16 | H51: =IF(G51=0,"-",(SUM(E51,F51)/G51)) -> 0.0625 | I51: =IF((COUNTIFS(B19:B48,">="&1,C19:C48,"="&B51))>228,228,(COUNTIFS(B19:B48,">="&1,C19:C48,"="&B51))) -> 16 | J51: =IF(I51=0,"-",(COUNTIFS(C19:C48,"="&B51,I19:I48,"<="&DATE(2024,12,31),K19:K48,">="&0)/I51)) -> 0.8125 | K51: =IF(I51=0,"-",IF(J51=1,"-",(COUNTIFS(B19:B48,">"&0,C19:C48,"="&B51,I19:I48,">"&DATE(2024,12,31),K19:K48,">="&0)/(I51-COUNTIFS(B19:B48,">"&0,C19:C48,"="&B51,I19:I48,"<="&DATE(2024,12,31),K19:K48,">="&0))))) -> 1 | L51: =IF(I51=0,"-",G51/I51) -> 1
B52: Após 1988 | C52: =COUNTIFS(B19:B48,">"&0,C19:C48,"="&B52) -> 13 | D52: =COUNTIFS(B19:B48,">="&1,C19:C48,B52,K19:K48,">="&0,K19:K48,"<"&50) -> 8 | E52: =COUNTIFS(B19:B48,">="&1,C19:C48,B52,K19:K48,">="&50,K19:K48,"<"&500) -> 0 | F52: =COUNTIFS(B19:B48,">="&1,C19:C48,B52,K19:K48,">="&500) -> 0 | G52: =COUNTIFS(B19:B48,">="&1,C19:C48,B52,K19:K48,">="&0,I19:I48,">"&DATE(2021,1,1)) -> 8 | H52: =IF(G52=0,"-",(SUM(E52,F52)/G52)) -> 0 | I52: =IF((COUNTIFS(B19:B48,">="&1,C19:C48,"="&B52))>228,228,(COUNTIFS(B19:B48,">="&1,C19:C48,"="&B52))) -> 13 | J52: =IF(I52=0,"-",(COUNTIFS(C19:C48,"="&B52,I19:I48,"<="&DATE(2024,12,31),K19:K48,">="&0)/I52)) -> 0.61538462 | K52: =IF(I52=0,"-",IF(J52=1,"-",(COUNTIFS(B19:B48,">"&0,C19:C48,"="&B52,I19:I48,">"&DATE(2024,12,31),K19:K48,">="&0)/(I52-COUNTIFS(B19:B48,">"&0,C19:C48,"="&B52,I19:I48,"<="&DATE(2024,12,31),K19:K48,">="&0))))) -> 0 | L52: =IF(I52=0,"-",G52/I52) -> 0.61538462
B53: Sem Info | C53: =COUNTIFS(B19:B48,">"&0,C19:C48,"="&B53) -> 0 | D53: =COUNTIFS(B19:B48,">="&1,C19:C48,B53,K19:K48,">="&0,K19:K48,"<"&50) -> 0 | E53: =COUNTIFS(B19:B48,">="&1,C19:C48,B53,K19:K48,">="&50,K19:K48,"<"&500) -> 0 | F53: =COUNTIFS(B19:B47,">="&1,C19:C47,B53,K19:K47,">="&500) -> 0 | G53: =COUNTIFS(B19:B48,">="&1,C19:C48,B53,K19:K48,">="&0,I19:I48,">"&DATE(2021,1,1)) -> 0 | H53: =IF(G53=0,"-",(SUM(E53,F53)/G53)) -> - | I53: =IF((COUNTIFS(B19:B47,">="&1,C19:C47,"="&B53))>228,228,(COUNTIFS(B19:B47,">="&1,C19:C47,"="&B53))) -> 0 | J53: =IF(I53=0,"-",(COUNTIFS(C19:C48,"="&B53,I19:I48,"<="&DATE(2024,12,31),K19:K48,">="&0)/I53)) -> - | K53: =IF(I53=0,"-",IF(J53=1,"-",(COUNTIFS(B19:B48,">"&0,C19:C48,"="&B53,I19:I48,">"&DATE(2024,12,31),K19:K48,">="&0)/(I53-COUNTIFS(B19:B48,">"&0,C19:C48,"="&B53,I19:I48,"<="&DATE(2024,12,31),K19:K48,">="&0))))) -> - | L53: =IF(I53=0,"-",G53/I53) -> -
B54: Totais | C54: =SUM(C51:C53) -> 29 | D54: =SUM(D51:D53) -> 23 | E54: =SUM(E51:E53) -> 1 | F54: =SUM(F51:F53) -> 0 | G54: =SUM(G51:G53) -> 24 | H54: =IF(G54=0,"-",(SUM(E54,F54)/G54)) -> 0.041666667 | I54: =SUM(I51:I53) -> 29 | J54: =IF(I54=0,"-",(COUNTIFS(I19:I48,"<="&DATE(2024,12,31),K19:K48,">="&0)/I54)) -> 0.72413793 | K54: =IF(I54=0,"-",IF(J54=1,"-",(COUNTIFS(B19:B48,">"&0,I19:I48,">"&DATE(2024,12,31),K19:K48,">="&0)/(I54-COUNTIFS(B19:B48,">"&0,I19:I48,"<="&DATE(2024,12,31),K19:K48,">="&0))))) -> 0.375 | L54: =IF(I54=0,"-",G54/I54) -> 0.82758621
B57: =_xlfn.CONCAT("Religadores",TEXT(IF(SUM(I83:I85)=0," ",(SUM(G83:G85)/SUM(I83:I85))), " 0,00%")) -> Religadores 0,00%
B58: ID | C58: Sub-Família | D58: Descrição | E58: N. Série | F58: Tombamento | G58: Ano de Fabricação | H58: N. Operativo | I58: Data Análise | J58: Tipo Análise | K58: Resultado | L58: Evidência de Teste
B59: =IF(C59="","",ROW($A$1)) -> 1 | C59: Após 1988 | D59: Religador
B60: =IF(C60="","",(B59+1)) -> 2 | C60: Após 1988 | D60: Religador
B61: =IF(C61="","",(B60+1)) -> 3 | C61: Após 1988 | D61: Religador
B62: =IF(C62="","",(B61+1)) -> 4 | C62: Após 1988 | D62: Religador
B63: =IF(C63="","",(B62+1)) -> 5 | C63: Após 1988 | D63: Religador
B64: =IF(C64="","",(B63+1)) -> 6 | C64: Após 1988 | D64: Religador
B65: =IF(C65="","",(B64+1)) -> 7 | C65: Após 1988 | D65: Religador
B66: =IF(C66="","",(B65+1)) -> 8 | C66: Após 1988 | D66: Religador
B67: =IF(C67="","",(B66+1)) -> 9 | C67: Após 1988 | D67: Religador
B68: =IF(C68="","",(B67+1)) -> 10 | C68: Após 1988 | D68: Religador
B69: =IF(C69="","",(B68+1)) -> 11 | C69: Após 1988 | D69: Religador
B70: =IF(C70="","",(B69+1)) -> 12 | C70: Após 1988 | D70: Religador
B71: =IF(C71="","",(B70+1)) -> 13 | C71: Após 1988 | D71: Religador
... B76: =IF(C76="","",(B75+1)) -> 18 | C76: Após 1988 | D76: Religador
B77: =IF(C77="","",(B76+1))
B78: =IF(C78="","",(B77+1))
B79: =IF(C79="","",(B78+1))
B80: =IF(C80="","",(B79+1))
B81: Totais
B82: Sub-Família | C82: Equipamentos | D82: Não Contaminados | E82: Contaminados | F82: PCB | G82: Testes Realizados | H82: Tx. Contaminação | I82: Meta Manual | J82: Avanço 24 | K82: Avanço 25 | L82: Avanço Meta Manual
B83: Até 1988 | C83: =COUNTIFS(B59:B80,">"&0,C59:C80,"="&B83) -> 0 | D83: =COUNTIFS(B59:B80,">="&1,C59:C80,B83,K59:K80,">="&0,K59:K80,"<"&50) -> 0 | E83: =COUNTIFS(B59:B80,">="&1,C59:C80,B83,K59:K80,">="&50,K59:K80,"<"&500) -> 0 | F83: =COUNTIFS(B59:B80,">="&1,C59:C80,B83,K59:K80,">="&500) -> 0 | G83: =COUNTIFS(B59:B80,">="&1,C59:C80,B83,K59:K80,">="&0,I59:I80,">"&DATE(2021,1,1)) -> 0 | H83: =IF(G83=0,"-",(SUM(E83,F83)/G83)) -> - | I83: =IF((COUNTIFS(B59:B80,">="&1,C59:C80,"="&B83))>228,228,(COUNTIFS(B59:B80,">="&1,C59:C80,"="&B83))) -> 0 | J83: =IF(I83=0,"-",(COUNTIFS(C59:C80,"="&B83,I59:I80,"<="&DATE(2024,12,31),K59:K80,">="&0)/I83)) -> - | K83: =IF(I83=0,"-",IF(J83=1,"-",(COUNTIFS(B59:B80,">"&0,C59:C80,"="&B83,I59:I80,">"&DATE(2024,12,31),K59:K80,">="&0)/(I83-COUNTIFS(B59:B80,">"&0,C59:C80,"="&B83,I59:I80,"<="&DATE(2024,12,31),K59:K80,">="&0))))) -> - | L83: =IF(I83=0,"-",G83/I83) -> -
B84: Após 1988 | C84: =COUNTIFS(B59:B80,">"&0,C59:C80,"="&B84) -> 18 | D84: =COUNTIFS(B59:B80,">="&1,C59:C80,B84,K59:K80,">="&0,K59:K80,"<"&50) -> 0 | E84: =COUNTIFS(B59:B80,">="&1,C59:C80,B84,K59:K80,">="&50,K59:K80,"<"&500) -> 0 | F84: =COUNTIFS(B59:B80,">="&1,C59:C80,B84,K59:K80,">="&500) -> 0 | G84: =COUNTIFS(B59:B80,">="&1,C59:C80,B84,K59:K80,">="&0,I59:I80,">"&DATE(2021,1,1)) -> 0 | H84: =IF(G84=0,"-",(SUM(E84,F84)/G84)) -> - | I84: =IF((COUNTIFS(B59:B80,">="&1,C59:C80,"="&B84))>228,228,(COUNTIFS(B59:B80,">="&1,C59:C80,"="&B84))) -> 18 | J84: =IF(I84=0,"-",(COUNTIFS(C59:C80,"="&B84,I59:I80,"<="&DATE(2024,12,31),K59:K80,">="&0)/I84)) -> 0 | K84: =IF(I84=0,"-",IF(J84=1,"-",(COUNTIFS(B59:B80,">"&0,C59:C80,"="&B84,I59:I80,">"&DATE(2024,12,31),K59:K80,">="&0)/(I84-COUNTIFS(B59:B80,">"&0,C59:C80,"="&B84,I59:I80,"<="&DATE(2024,12,31),K59:K80,">="&0))))) -> 0 | L84: =IF(I84=0,"-",G84/I84) -> 0
B85: Sem Info | C85: =COUNTIFS(B59:B80,">"&0,C59:C80,"="&B85) -> 0 | D85: =COUNTIFS(B59:B80,">="&1,C59:C80,B85,K59:K80,">="&0,K59:K80,"<"&50) -> 0 | E85: =COUNTIFS(B59:B80,">="&1,C59:C80,B85,K59:K80,">="&50,K59:K80,"<"&500) -> 0 | F85: =COUNTIFS(B59:B60,">="&1,C59:C60,B85,K59:K60,">="&500) -> 0 | G85: =COUNTIFS(B59:B80,">="&1,C59:C80,B85,K59:K80,">="&0,I59:I80,">"&DATE(2021,1,1)) -> 0 | H85: =IF(G85=0,"-",(SUM(E85,F85)/G85)) -> - | I85: =IF((COUNTIFS(B59:B60,">="&1,C59:C60,"="&B85))>228,228,(COUNTIFS(B59:B60,">="&1,C59:C60,"="&B85))) -> 0 | J85: =IF(I85=0,"-",(COUNTIFS(C59:C80,"="&B85,I59:I80,"<="&DATE(2024,12,31),K59:K80,">="&0)/I85)) -> - | K85: =IF(I85=0,"-",IF(J85=1,"-",(COUNTIFS(B59:B80,">"&0,C59:C80,"="&B85,I59:I80,">"&DATE(2024,12,31),K59:K80,">="&0)/(I85-COUNTIFS(B59:B80,">"&0,C59:C80,"="&B85,I59:I80,"<="&DATE(2024,12,31),K59:K80,">="&0))))) -> - | L85: =IF(I85=0,"-",G85/I85) -> -
B86: Totais | C86: =SUM(C83:C85) -> 18 | D86: =SUM(D83:D85) -> 0 | E86: =SUM(E83:E85) -> 0 | F86: =SUM(F83:F85) -> 0 | G86: =SUM(G83:G85) -> 0 | H86: =IF(G86=0,"-",(SUM(E86,F86)/G86)) -> - | I86: =SUM(I83:I85) -> 18 | J86: =IF(I86=0,"-",(COUNTIFS(I59:I80,"<="&DATE(2024,12,31),K59:K80,">="&0)/I86)) -> 0 | K86: =IF(I86=0,"-",IF(J86=1,"-",(COUNTIFS(B59:B80,">"&0,I59:I80,">"&DATE(2024,12,31),K59:K80,">="&0)/(I86-COUNTIFS(B59:B80,">"&0,I59:I80,"<="&DATE(2024,12,31),K59:K80,">="&0))))) -> 0 | L86: =IF(I86=0,"-",G86/I86) -> 0
B89: =_xlfn.CONCAT("Reguladores de Tensão",TEXT(IF(SUM(I345:I347)=0," ",(SUM(G345:G347)/SUM(I345:I347))), " 0,00%")) -> Reguladores de Tensão 9,40%
B90: ID | C90: Sub-Família | D90: Descrição | E90: N. Série | F90: Tombamento | G90: Ano de Fabricação | H90: N. Operativo | I90: Data Análise | J90: Tipo Análise | K90: Resultado | L90: Evidência de Teste
B91: =IF(C91="","",ROW($A$1)) -> 1 | C91: Sem Info
B92: =IF(C92="","",(B91+1)) -> 2 | C92: Até 1988 | D92: Regulador | E92: L201598PKL | G92: 1988 | I92: 45484 | J92: cromatográfica | K92: 48.5
B93: =IF(C93="","",(B92+1)) -> 3 | C93: Até 1988 | D93: Regulador | E93: L713688TEN | G93: 1988 | I93: 45505 | J93: colometrica | K93: 0
B94: =IF(C94="","",(B93+1)) -> 4 | C94: Até 1988 | D94: Regulador | E94: L201598PLL | G94: 1988 | I94: 45484 | J94: cromatográfica | K94: 48.5
B95: =IF(C95="","",(B94+1)) -> 5 | C95: Até 1988 | D95: Regulador | E95: IGF8510148 | G95: 1985 | I95: 44952 | J95: cromatográfica | K95: 28.5
B96: =IF(C96="","",(B95+1)) -> 6 | C96: Até 1988 | D96: Regulador | E96: J228395 | G96: 1988 | I96: 45806 | J96: cromatográfica | K96: 26.1
B97: =IF(C97="","",(B96+1)) -> 7 | C97: Após 1988 | D97: Regulador | E97: E12877 | G97: 2013 | I97: 45552 | J97: cromatográfica | K97: 46.2
B98: =IF(C98="","",(B97+1)) -> 8 | C98: Após 1988 | D98: Regulador | E98: E13870 | G98: 2013 | I98: 45552 | J98: cromatográfica | K98: 51.1
B99: =IF(C99="","",(B98+1)) -> 9 | C99: Após 1988 | D99: Regulador | E99: E13871 | G99: 2012 | I99: 45496 | J99: cromatográfica | K99: 0
B100: =IF(C100="","",(B99+1)) -> 10 | C100: Após 1988 | D100: Regulador | E100: E14272 | G100: 2014 | I100: 45337 | J100: cromatográfica | K100: 0
B101: =IF(C101="","",(B100+1)) -> 11 | C101: Após 1988 | D101: Regulador | E101: E14273 | G101: 2014 | I101: 45337 | J101: cromatográfica | K101: 0
B102: =IF(C102="","",(B101+1)) -> 12 | C102: Após 1988 | D102: Regulador | E102: E14275 | G102: 2014 | I102: 45337 | J102: cromatográfica | K102: 0
B103: =IF(C103="","",(B102+1)) -> 13 | C103: Após 1988 | D103: Regulador | E103: E15134 | G103: 2018 | I103: 45392 | J103: cromatográfica | K103: 39
... B113: =IF(C113="","",(B112+1)) -> 23 | C113: Após 1988 | D113: Regulador | E113: E16380 | G113: 2016 | I113: 45440 | J113: cromatográfica | K113: 17.3
B114: =IF(C114="","",(B113+1)) -> 24 | C114: Após 1988
B115: =IF(C115="","",(B114+1)) -> 25 | C115: Após 1988
B116: =IF(C116="","",(B115+1)) -> 26 | C116: Após 1988
B117: =IF(C117="","",(B116+1)) -> 27 | C117: Após 1988
B118: =IF(C118="","",(B117+1)) -> 28 | C118: Após 1988
B119: =IF(C119="","",(B118+1)) -> 29 | C119: Após 1988
B120: =IF(C120="","",(B119+1)) -> 30 | C120: Após 1988
B121: =IF(C121="","",(B120+1)) -> 31 | C121: Após 1988
B122: =IF(C122="","",(B121+1)) -> 32 | C122: Após 1988
...

Sheet EMR
B1: Informações de Testes Realizados
B4: =_xlfn.CONCAT("Transformadores de Rede Subterrânea",TEXT(IF(SUM(I11:I13)=0," ",(SUM(G11:G13)/SUM(I11:I13))), " 0,00%")) -> Transformadores de Rede Subterrânea
B5: ID | C5: Sub-Família | D5: Descrição | E5: N. Série | F5: Tombamento | G5: Ano de Fabricação | H5: N. Operativo | I5: Data Análise | J5: Tipo Análise | K5: Resultado | L5: Evidência de Teste
B6: =IF(C6="","",ROW($A$1))
B7: =IF(B6="","",(B6+1))
B9: Totais
B10: Sub-Família | C10: Equipamentos | D10: Não Contaminados | E10: Contaminados | F10: PCB | G10: Testes Realizados | H10: Tx. Contaminação | I10: Meta Manual | J10: Avanço 24 | K10: Avanço 25 | L10: Avanço Meta Manual
B11: Até 1988 | C11: =COUNTIFS(B6:B8,">"&0,C6:C8,"="&B11) -> 0 | D11: =COUNTIFS(B6:B8,">="&1,C6:C8,B11,K6:K8,">="&0,K6:K8,"<"&50) -> 0 | E11: =COUNTIFS(B6:B8,">="&1,C6:C8,B11,K6:K8,">="&50,K6:K8,"<"&500) -> 0 | F11: =COUNTIFS(B6:B8,">="&1,C6:C8,B11,K6:K8,">="&500) -> 0 | G11: =COUNTIFS(B6:B8,">="&1,C6:C8,B11,K6:K8,">="&0,I6:I8,">"&DATE(2021,1,1)) -> 0 | H11: =IF(G11=0,"-",(SUM(E11,F11)/G11)) -> - | I11: =IF((COUNTIFS(B6:B8,">="&1,C6:C8,"="&B11))>228,228,(COUNTIFS(B6:B8,">="&1,C6:C8,"="&B11))) -> 0 | J11: =IF(I11=0,"-",(COUNTIFS(C6:C8,"="&B11,I6:I8,"<="&DATE(2024,12,31),K6:K8,">="&0)/I11)) -> - | K11: =IF(I11=0,"-",IF(J11=1,"-",(COUNTIFS(B6:B8,">"&0,C6:C8,"="&B11,I6:I8,">"&DATE(2024,12,31),K6:K8,">="&0)/(I11-COUNTIFS(B6:B8,">"&0,C6:C8,"="&B11,I6:I8,"<="&DATE(2024,12,31),K6:K8,">="&0))))) -> - | L11: =IF(I11=0,"-",G11/I11) -> -
B12: Após 1988 | C12: =COUNTIFS(B6:B8,">"&0,C6:C8,"="&B12) -> 0 | D12: =COUNTIFS(B6:B8,">="&1,C6:C8,B12,K6:K8,">="&0,K6:K8,"<"&50) -> 0 | E12: =COUNTIFS(B6:B8,">="&1,C6:C8,B12,K6:K8,">="&50,K6:K8,"<"&500) -> 0 | F12: =COUNTIFS(B6:B8,">="&1,C6:C8,B12,K6:K8,">="&500) -> 0 | G12: =COUNTIFS(B6:B8,">="&1,C6:C8,B12,K6:K8,">="&0,I6:I8,">"&DATE(2021,1,1)) -> 0 | H12: =IF(G12=0,"-",(SUM(E12,F12)/G12)) -> - | I12: =IF((COUNTIFS(B6:B8,">="&1,C6:C8,"="&B12))>228,228,(COUNTIFS(B6:B8,">="&1,C6:C8,"="&B12))) -> 0 | J12: =IF(I12=0,"-",(COUNTIFS(C6:C8,"="&B12,I6:I8,"<="&DATE(2024,12,31),K6:K8,">="&0)/I12)) -> - | K12: =IF(I12=0,"-",IF(J12=1,"-",(COUNTIFS(B6:B8,">"&0,C6:C8,"="&B12,I6:I8,">"&DATE(2024,12,31),K6:K8,">="&0)/(I12-COUNTIFS(B6:B8,">"&0,C6:C8,"="&B12,I6:I8,"<="&DATE(2024,12,31),K6:K8,">="&0))))) -> - | L12: =IF(I12=0,"-",G12/I12) -> -
B13: Sem Info | C13: =COUNTIFS(B6:B8,">"&0,C6:C8,"="&B13) -> 0 | D13: =COUNTIFS(B6:B8,">="&1,C6:C8,B13,K6:K8,">="&0,K6:K8,"<"&50) -> 0 | E13: =COUNTIFS(B6:B8,">="&1,C6:C8,B13,K6:K8,">="&50,K6:K8,"<"&500) -> 0 | F13: =COUNTIFS(B6:B7,">="&1,C6:C7,B13,K6:K7,">="&500) -> 0 | G13: =COUNTIFS(B6:B8,">="&1,C6:C8,B13,K6:K8,">="&0,I6:I8,">"&DATE(2021,1,1)) -> 0 | H13: =IF(G13=0,"-",(SUM(E13,F13)/G13)) -> - | I13: =IF((COUNTIFS(B6:B7,">="&1,C6:C7,"="&B13))>228,228,(COUNTIFS(B6:B7,">="&1,C6:C7,"="&B13))) -> 0 | J13: =IF(I13=0,"-",(COUNTIFS(C6:C8,"="&B13,I6:I8,"<="&DATE(2024,12,31),K6:K8,">="&0)/I13)) -> - | K13: =IF(I13=0,"-",IF(J13=1,"-",(COUNTIFS(B6:B8,">"&0,C6:C8,"="&B13,I6:I8,">"&DATE(2024,12,31),K6:K8,">="&0)/(I13-COUNTIFS(B6:B8,">"&0,C6:C8,"="&B13,I6:I8,"<="&DATE(2024,12,31),K6:K8,">="&0))))) -> - | L13: =IF(I13=0,"-",G13/I13) -> -
B14: Totais | C14: =SUM(C11:C13) -> 0 | D14: =SUM(D11:D13) -> 0 | E14: =SUM(E11:E13) -> 0 | F14: =SUM(F11:F13) -> 0 | G14: =SUM(G11:G13) -> 0 | H14: =IF(G14=0,"-",(SUM(E14,F14)/G14)) -> - | I14: =SUM(I11:I13) -> 0 | J14: =IF(I14=0,"-",(COUNTIFS(I6:I8,"<="&DATE(2024,12,31),K6:K8,">="&0)/I14)) -> - | K14: =IF(I14=0,"-",IF(J14=1,"-",(COUNTIFS(B6:B8,">"&0,I6:I8,">"&DATE(2024,12,31),K6:K8,">="&0)/(I14-COUNTIFS(B6:B8,">"&0,I6:I8,"<="&DATE(2024,12,31),K6:K8,">="&0))))) -> - | L14: =IF(I14=0,"-",G14/I14) -> -
B17: =_xlfn.CONCAT("Disjuntores com extinção de arco OMI (PVO e GVO)",TEXT(IF(SUM(I52:I54)=0," ",(SUM(G52:G54)/SUM(I52:I54))), " 0,00%")) -> Disjuntores com extinção de arco OMI (PVO e GVO) 96,77%
B18: ID | C18: Sub-Família | D18: Descrição | E18: N. Série | F18: Tombamento | G18: Ano de Fabricação | H18: N. Operativo | I18: Data Análise | J18: Tipo Análise | K18: Resultado | L18: Evidência de Teste
B19: =IF(C19="","",ROW($A$1)) -> 1 | C19: =IF(G19="","",IF(G19="SEM DATA","Sem info",IF(G19>DATE(1988,12,31),"Após 1988",IF(G19<=DATE(1988,12,31),"Até 1988")))) -> Até 1988 | D19: Disjuntor 69kV | E19: 230 | G19: 25204 | I19: 45506 | J19: colorimetria | K19: 0 | L19: 110/2024
B20: =IF(C20="","",B19+1) -> 2 | C20: =IF(G20="","",IF(G20="SEM DATA","Sem info",IF(G20>DATE(1988,12,31),"Após 1988",IF(G20<=DATE(1988,12,31),"Até 1988")))) -> Após 1988 | D20: Disjuntor 13.8kV | E20: B 2662 | G20: 33970 | I20: 45241 | J20: cromatográfico | K20: 15.9 | L20: 1629/2023
B21: =IF(C21="","",B20+1) -> 3 | C21: =IF(G21="","",IF(G21="SEM DATA","Sem info",IF(G21>DATE(1988,12,31),"Após 1988",IF(G21<=DATE(1988,12,31),"Até 1988")))) -> Após 1988 | D21: Disjuntor 15kV | E21: B 3546 | G21: 33970 | I21: 45241 | J21: cromatográfico | K21: 35.6 | L21: 1628/2023
B22: =IF(C22="","",B21+1) -> 4 | C22: =IF(G22="","",IF(G22="SEM DATA","Sem info",IF(G22>DATE(1988,12,31),"Após 1988",IF(G22<=DATE(1988,12,31),"Até 1988")))) -> Após 1988 | D22: Disjuntor 15kV | E22: B 2664 | G22: 32509 | I22: 45241 | J22: cromatográfico | K22: 33.5 | L22: 1630/2023
B23: =IF(C23="","",B22+1) -> 5 | C23: =IF(G23="","",IF(G23="SEM DATA","Sem info",IF(G23>DATE(1988,12,31),"Após 1988",IF(G23<=DATE(1988,12,31),"Até 1988")))) -> Após 1988 | D23: Disjuntor 15kV | E23: B 5652 | G23: 35065 | I23: 45241 | J23: cromatográfico | K23: 22.8 | L23: 1631/2023
B24: =IF(C24="","",B23+1) -> 6 | C24: =IF(G24="","",IF(G24="SEM DATA","Sem info",IF(G24>DATE(1988,12,31),"Após 1988",IF(G24<=DATE(1988,12,31),"Até 1988")))) -> Após 1988 | D24: Disjuntor 15kV | E24: B 2563 | G24: 32509 | I24: 45280 | J24: cromatográfico | K24: 22.6 | L24: 1722/2023
B25: =IF(C25="","",B24+1) -> 7 | C25: =IF(G25="","",IF(G25="SEM DATA","Sem info",IF(G25>DATE(1988,12,31),"Após 1988",IF(G25<=DATE(1988,12,31),"Até 1988")))) -> Após 1988 | D25: Disjuntor 15kV | E25: B 2564 | G25: 32509 | I25: 46011 | J25: colorimetria | K25: 0 | L25: 0077/2023
B26: =IF(C26="","",B25+1) -> 8 | C26: =IF(G26="","",IF(G26="SEM DATA","Sem info",IF(G26>DATE(1988,12,31),"Após 1988",IF(G26<=DATE(1988,12,31),"Até 1988")))) -> Até 1988 | D26: Disjuntor 34,5kV | E26: 1033 | G26: 28856 | I26: 45378 | J26: cromatográfico | K26: 38.9 | L26: 0671/2024
B27: =IF(C27="","",B26+1) -> 9 | C27: =IF(G27="","",IF(G27="SEM DATA","Sem info",IF(G27>DATE(1988,12,31),"Após 1988",IF(G27<=DATE(1988,12,31),"Até 1988")))) -> Até 1988 | D27: Disjuntor 69kV | E27: 116371-3 | G27: 29221 | I27: 45386 | J27: cromatográfico | K27: 30.2 | L27: 0686/2024
B28: =IF(C28="","",B27+1) -> 10 | C28: =IF(G28="","",IF(G28="SEM DATA","Sem info",IF(G28>DATE(1988,12,31),"Após 1988",IF(G28<=DATE(1988,12,31),"Até 1988")))) -> Até 1988 | D28: Disjuntor 69kV | E28: 116371-6 | G28: 29221 | I28: 45386 | J28: cromatográfico | K28: 24.9 | L28: 0685/2024
B29: =IF(C29="","",B28+1) -> 11 | C29: =IF(G29="","",IF(G29="SEM DATA","Sem info",IF(G29>DATE(1988,12,31),"Após 1988",IF(G29<=DATE(1988,12,31),"Até 1988")))) -> Até 1988 | D29: Disjuntor 69kV | E29: 118831-1 | G29: 32143 | I29: 45386 | J29: cromatográfico | K29: 36.8 | L29: 0669/2024
B30: =IF(C30="","",B29+1) -> 12 | C30: =IF(G30="","",IF(G30="SEM DATA","Sem info",IF(G30>DATE(1988,12,31),"Após 1988",IF(G30<=DATE(1988,12,31),"Até 1988")))) -> Até 1988 | D30: Disjuntor 69kV | E30: 1981/11-992/7 | G30: 29587 | I30: 45393 | J30: cromatográfico | K30: 21.8 | L30: 0646/2024
B31: =IF(C31="","",B30+1) -> 13 | C31: =IF(G31="","",IF(G31="SEM DATA","Sem info",IF(G31>DATE(1988,12,31),"Após 1988",IF(G31<=DATE(1988,12,31),"Até 1988")))) -> Até 1988 | D31: Disjuntor 69kV | E31: 224722 | G31: 28126 | I31: 45734 | J31: cromatográfico | K31: 23 | L31: 0502/2025
B32: =IF(C32="","",B31+1) -> 14 | C32: =IF(G32="","",IF(G32="SEM DATA","Sem info",IF(G32>DATE(1988,12,31),"Após 1988",IF(G32<=DATE(1988,12,31),"Até 1988")))) -> Até 1988 | D32: Disjuntor 69kV | E32: 227 | G32: 25204 | I32: 45464 | J32: cromatográfico | K32: 19.2 | L32: 1038/2024
B33: =IF(C33="","",B32+1) -> 15 | C33: =IF(G33="","",IF(G33="SEM DATA","Sem info",IF(G33>DATE(1988,12,31),"Após 1988",IF(G33<=DATE(1988,12,31),"Até 1988")))) -> Até 1988 | D33: Disjuntor 15kV | E33: 3939 | G33: 25569 | I33: 45487 | J33: cromatográfico | K33: 15.3 | L33: 1493/2024
B34: =IF(C34="","",B33+1) -> 16 | C34: =IF(G34="","",IF(G34="SEM DATA","Sem info",IF(G34>DATE(1988,12,31),"Após 1988",IF(G34<=DATE(1988,12,31),"Até 1988")))) -> Até 1988 | D34: Disjuntor 69kV | E34: 409/500 | G34: 29221 | I34: 45386 | J34: cromatográfico | K34: 31.7 | L34: 0670/2024
B35: =IF(C35="","",B34+1) -> 17 | C35: =IF(G35="","",IF(G35="SEM DATA","Sem info",IF(G35>DATE(1988,12,31),"Após 1988",IF(G35<=DATE(1988,12,31),"Até 1988")))) -> Até 1988 | D35: Disjuntor 69kV | E35: 409/524 - 2 | G35: 27395 | I35: 45386 | J35: cromatográfico | K35: 30.6 | L35: 0683/2024
B36: =IF(C36="","",B35+1) -> 18 | C36: =IF(G36="","",IF(G36="SEM DATA","Sem info",IF(G36>DATE(1988,12,31),"Após 1988",IF(G36<=DATE(1988,12,31),"Até 1988")))) -> Até 1988 | D36: Disjuntor 69kV | E36: 409/524 - 3 | G36: 27395 | I36: 45386 | J36: cromatográfico | K36: 28.6 | L36: 0684/2024
B37: =IF(C37="","",B36+1) -> 19 | C37: =IF(G37="","",IF(G37="SEM DATA","Sem info",IF(G37>DATE(1988,12,31),"Após 1988",IF(G37<=DATE(1988,12,31),"Até 1988")))) -> Até 1988 | D37: Disjuntor 69kV | E37: 409/524 - 1 | G37: 27395 | I37: 45386 | J37: cromatográfico | K37: 33.2 | L37: 2011/2024
B38: =IF(C38="","",B37+1) -> 20 | C38: =IF(G38="","",IF(G38="SEM DATA","Sem info",IF(G38>DATE(1988,12,31),"Após 1988",IF(G38<=DATE(1988,12,31),"Até 1988")))) -> Após 1988 | D38: Disjuntor 69kV | E38: 409/541 | G38: 32509 | I38: 45497 | J38: cromatográfico | K38: 26 | L38: 1351/2024
B39: =IF(C39="","",B38+1) -> 21 | C39: =IF(G39="","",IF(G39="SEM DATA","Sem info",IF(G39>DATE(1988,12,31),"Após 1988",IF(G39<=DATE(1988,12,31),"Até 1988")))) -> Após 1988 | D39: Disjuntor 15kV | E39: B 3547 | G39: 33970 | I39: 45280 | J39: cromatográfico | K39: 30.2 | L39: 1724/2023
B40: =IF(C40="","",B39+1) -> 22 | C40: =IF(G40="","",IF(G40="SEM DATA","Sem info",IF(G40>DATE(1988,12,31),"Após 1988",IF(G40<=DATE(1988,12,31),"Até 1988")))) -> Após 1988 | D40: Disjuntor 15kV | E40: B 2553 | G40: 32509 | I40: 45378 | J40: cromatográfico | K40: 0 | L40: 0644/2024
B41: =IF(C41="","",B40+1) -> 23 | C41: =IF(G41="","",IF(G41="SEM DATA","Sem info",IF(G41>DATE(1988,12,31),"Após 1988",IF(G41<=DATE(1988,12,31),"Até 1988")))) -> Após 1988 | D41: Disjuntor 15kV | E41: B3558 | G41: 33970 | I41: 45365 | J41: cromatográfico | K41: 22 | L41: 0674/2024
B42: =IF(C42="","",B41+1) -> 24 | C42: =IF(G42="","",IF(G42="SEM DATA","Sem info",IF(G42>DATE(1988,12,31),"Após 1988",IF(G42<=DATE(1988,12,31),"Até 1988")))) -> Após 1988 | D42: Disjuntor 13.8kV | E42: B5053 | G42: 34700 | I42: 45281 | J42: cromatográfico | K42: 31.1 | L42: 1725/2023
B43: =IF(C43="","",B42+1) -> 25 | C43: =IF(G43="","",IF(G43="SEM DATA","Sem info",IF(G43>DATE(1988,12,31),"Após 1988",IF(G43<=DATE(1988,12,31),"Até 1988")))) -> Até 1988 | D43: Disjuntor 15kV | E43: B2269 | G43: 32143 | I43: 45272 | J43: cromatográfico | K43: 22.1 | L43: 1733/2023
B44: =IF(C44="","",B43+1) -> 26 | C44: =IF(G44="","",IF(G44="SEM DATA","Sem info",IF(G44>DATE(1988,12,31),"Após 1988",IF(G44<=DATE(1988,12,31),"Até 1988")))) -> Após 1988 | D44: Disjuntor de 11.4kV | E44: B3396 | G44: 34700 | I44: 45484 | J44: cromatográfico | K44: 26.7 | L44: 1357/2023
B45: =IF(C45="","",B44+1) -> 27 | C45: =IF(G45="","",IF(G45="SEM DATA","Sem info",IF(G45>DATE(1988,12,31),"Após 1988",IF(G45<=DATE(1988,12,31),"Até 1988")))) -> Após 1988 | D45: Disjuntor de 15kV | E45: B3544 | G45: 33970 | I45: 45281 | J45: cromatográfico | K45: 58.4 | L45: 1723/2023
... B47: =IF(C47="","",B46+1) -> 29 | C47: =IF(G47="","",IF(G47="SEM DATA","Sem info",IF(G47>DATE(1988,12,31),"Após 1988",IF(G47<=DATE(1988,12,31),"Até 1988")))) -> Até 1988 | D47: Disjuntor de 15kV | E47: B2266 | G47: 32143 | I47: 45371 | J47: cromatográfico | K47: 33.3 | L47: 0642/2024
B48: =IF(C48="","",B47+1) -> 30 | C48: =IF(G48="","",IF(G48="SEM DATA","Sem info",IF(G48>DATE(1988,12,31),"Após 1988",IF(G48<=DATE(1988,12,31),"Até 1988")))) -> Até 1988 | D48: Disjuntor | E48: 207/652 | G48: 25204
B49: =IF(C49="","",B48+1) -> 31 | C49: =IF(G49="","",IF(G49="SEM DATA","Sem info",IF(G49>DATE(1988,12,31),"Após 1988",IF(G49<=DATE(1988,12,31),"Até 1988")))) -> Até 1988 | D49: Disjuntor de 15kV | E49: B2272 | G49: 32143 | I49: 45371 | J49: cromatográfico | K49: 31.3 | L49: 0643/2024
B50: Totais
B51: Sub-Família | C51: Equipamentos | D51: Não Contaminados | E51: Contaminados | F51: PCB | G51: Testes Realizados | H51: Tx. Contaminação | I51: Meta Manual | J51: Avanço 24 | K51: Avanço 25 | L51: Avanço Meta Manual
B52: Até 1988 | C52: =COUNTIFS(B19:B49,">"&0,C19:C49,"="&B52) -> 17 | D52: =COUNTIFS(B19:B49,">="&1,C19:C49,B52,K19:K49,">="&0,K19:K49,"<"&50) -> 16 | E52: =COUNTIFS(B19:B49,">="&1,C19:C49,B52,K19:K49,">="&50,K19:K49,"<"&500) -> 0 | F52: =COUNTIFS(B19:B49,">="&1,C19:C49,B52,K19:K49,">="&500) -> 0 | G52: =COUNTIFS(B19:B49,">="&1,C19:C49,B52,K19:K49,">="&0,I19:I49,">"&DATE(2021,1,1)) -> 16 | H52: =IF(G52=0,"-",(SUM(E52,F52)/G52)) -> 0 | I52: =IF((COUNTIFS(B19:B49,">="&1,C19:C49,"="&B52))>228,228,(COUNTIFS(B19:B49,">="&1,C19:C49,"="&B52))) -> 17 | J52: =IF(I52=0,"-",(COUNTIFS(C19:C49,"="&B52,I19:I49,"<="&DATE(2024,12,31),K19:K49,">="&0)/I52)) -> 0.88235294 | K52: =IF(I52=0,"-",IF(J52=1,"-",(COUNTIFS(B19:B49,">"&0,C19:C49,"="&B52,I19:I49,">"&DATE(2024,12,31),K19:K49,">="&0)/(I52-COUNTIFS(B19:B49,">"&0,C19:C49,"="&B52,I19:I49,"<="&DATE(2024,12,31),K19:K49,">="&0))))) -> 0.5 | L52: =IF(I52=0,"-",G52/I52) -> 0.94117647
B53: Após 1988 | C53: =COUNTIFS(B19:B49,">"&0,C19:C49,"="&B53) -> 14 | D53: =COUNTIFS(B19:B49,">="&1,C19:C49,B53,K19:K49,">="&0,K19:K49,"<"&50) -> 13 | E53: =COUNTIFS(B19:B49,">="&1,C19:C49,B53,K19:K49,">="&50,K19:K49,"<"&500) -> 1 | F53: =COUNTIFS(B19:B49,">="&1,C19:C49,B53,K19:K49,">="&500) -> 0 | G53: =COUNTIFS(B19:B49,">="&1,C19:C49,B53,K19:K49,">="&0,I19:I49,">"&DATE(2021,1,1)) -> 14 | H53: =IF(G53=0,"-",(SUM(E53,F53)/G53)) -> 0.071428571 | I53: =IF((COUNTIFS(B19:B49,">="&1,C19:C49,"="&B53))>228,228,(COUNTIFS(B19:B49,">="&1,C19:C49,"="&B53))) -> 14 | J53: =IF(I53=0,"-",(COUNTIFS(C19:C49,"="&B53,I19:I49,"<="&DATE(2024,12,31),K19:K49,">="&0)/I53)) -> 0.92857143 | K53: =IF(I53=0,"-",IF(J53=1,"-",(COUNTIFS(B19:B49,">"&0,C19:C49,"="&B53,I19:I49,">"&DATE(2024,12,31),K19:K49,">="&0)/(I53-COUNTIFS(B19:B49,">"&0,C19:C49,"="&B53,I19:I49,"<="&DATE(2024,12,31),K19:K49,">="&0))))) -> 1 | L53: =IF(I53=0,"-",G53/I53) -> 1
B54: Sem Info | C54: =COUNTIFS(B19:B49,">"&0,C19:C49,"="&B54) -> 0 | D54: =COUNTIFS(B19:B49,">="&1,C19:C49,B54,K19:K49,">="&0,K19:K49,"<"&50) -> 0 | E54: =COUNTIFS(B19:B49,">="&1,C19:C49,B54,K19:K49,">="&50,K19:K49,"<"&500) -> 0 | F54: =COUNTIFS(B19:B47,">="&1,C19:C47,B54,K19:K47,">="&500) -> 0 | G54: =COUNTIFS(B19:B49,">="&1,C19:C49,B54,K19:K49,">="&0,I19:I49,">"&DATE(2021,1,1)) -> 0 | H54: =IF(G54=0,"-",(SUM(E54,F54)/G54)) -> - | I54: =IF((COUNTIFS(B19:B47,">="&1,C19:C47,"="&B54))>228,228,(COUNTIFS(B19:B47,">="&1,C19:C47,"="&B54))) -> 0 | J54: =IF(I54=0,"-",(COUNTIFS(C19:C49,"="&B54,I19:I49,"<="&DATE(2024,12,31),K19:K49,">="&0)/I54)) -> - | K54: =IF(I54=0,"-",IF(J54=1,"-",(COUNTIFS(B19:B49,">"&0,C19:C49,"="&B54,I19:I49,">"&DATE(2024,12,31),K19:K49,">="&0)/(I54-COUNTIFS(B19:B49,">"&0,C19:C49,"="&B54,I19:I49,"<="&DATE(2024,12,31),K19:K49,">="&0))))) -> - | L54: =IF(I54=0,"-",G54/I54) -> -
B55: Totais | C55: =SUM(C52:C54) -> 31 | D55: =SUM(D52:D54) -> 29 | E55: =SUM(E52:E54) -> 1 | F55: =SUM(F52:F54) -> 0 | G55: =SUM(G52:G54) -> 30 | H55: =IF(G55=0,"-",(SUM(E55,F55)/G55)) -> 0.033333333 | I55: =SUM(I52:I54) -> 31 | J55: =IF(I55=0,"-",(COUNTIFS(I19:I49,"<="&DATE(2024,12,31),K19:K49,">="&0)/I55)) -> 0.90322581 | K55: =IF(I55=0,"-",IF(J55=1,"-",(COUNTIFS(B19:B49,">"&0,I19:I49,">"&DATE(2024,12,31),K19:K49,">="&0)/(I55-COUNTIFS(B19:B49,">"&0,I19:I49,"<="&DATE(2024,12,31),K19:K49,">="&0))))) -> 0.66666667 | L55: =IF(I55=0,"-",G55/I55) -> 0.96774194
B58: =_xlfn.CONCAT("Religadores",TEXT(IF(SUM(I84:I86)=0," ",(SUM(G84:G86)/SUM(I84:I86))), " 0,00%")) -> Religadores 94,12%
B59: ID | C59: Sub-Família | D59: Descrição | E59: N. Série | F59: Tombamento | G59: Ano de Fabricação | H59: N. Operativo | I59: Data Análise | J59: Tipo Análise | K59: Resultado | L59: Evidência de Teste
B60: =IF(C60="","",ROW($A$1)) -> 1 | C60: =IF(G60="","",IF(G60="SEM DATA",$B$86,IF(G60>DATE(1988,12,31),$B$85,IF(G60<=DATE(1988,12,31),$B$84,"")))) -> Após 1988 | D60: Religador | E60: B 3548 | G60: 33970 | I60: 45484 | J60: Cromatográfica | K60: 24.4 | L60: 1432/2024
B61: =IF(C61="","",(B60+1)) -> 2 | C61: =IF(G61="","",IF(G61="SEM DATA",$B$86,IF(G61>DATE(1988,12,31),$B$85,IF(G61<=DATE(1988,12,31),$B$84,"")))) -> Após 1988 | D61: Religador | E61: B 5420 | G61: 34700 | I61: 45492 | J61: Cromatográfica | K61: 21.6 | L61: 1358/2024
B62: =IF(C62="","",(B61+1)) -> 3 | C62: =IF(G62="","",IF(G62="SEM DATA",$B$86,IF(G62>DATE(1988,12,31),$B$85,IF(G62<=DATE(1988,12,31),$B$84,"")))) -> Após 1988 | D62: Religador | E62: B 5651 | G62: 35065 | I62: 45343 | J62: Cromatográfica | K62: 35.4 | L62: 0312/2024
B63: =IF(C63="","",(B62+1)) -> 4 | C63: =IF(G63="","",IF(G63="SEM DATA",$B$86,IF(G63>DATE(1988,12,31),$B$85,IF(G63<=DATE(1988,12,31),$B$84,"")))) -> Após 1988 | D63: Religador | E63: B 5653 | G63: 35796 | I63: 45343 | J63: Cromatográfica | K63: 24.2 | L63: 0313/2024
B64: =IF(C64="","",(B63+1)) -> 5 | C64: =IF(G64="","",IF(G64="SEM DATA",$B$86,IF(G64>DATE(1988,12,31),$B$85,IF(G64<=DATE(1988,12,31),$B$84,"")))) -> Após 1988 | D64: Religador | E64: B 5654 | G64: 35065 | I64: 45343 | J64: Cromatográfica | K64: 23.5 | L64: 0314/2024
B65: =IF(C65="","",(B64+1)) -> 6 | C65: =IF(G65="","",IF(G65="SEM DATA",$B$86,IF(G65>DATE(1988,12,31),$B$85,IF(G65<=DATE(1988,12,31),$B$84,"")))) -> Após 1988 | D65: Religador | E65: B 5662 | G65: 35065 | I65: 45371 | J65: Cromatográfica | K65: 23.4 | L65: 0658/2024
B66: =IF(C66="","",(B65+1)) -> 7 | C66: =IF(G66="","",IF(G66="SEM DATA",$B$86,IF(G66>DATE(1988,12,31),$B$85,IF(G66<=DATE(1988,12,31),$B$84,"")))) -> Após 1988 | D66: Religador | E66: B 5665 | G66: 35065 | I66: 45371 | J66: Cromatográfica | K66: 46.3 | L66: 0667/2024
B67: =IF(C67="","",(B66+1)) -> 8 | C67: =IF(G67="","",IF(G67="SEM DATA",$B$86,IF(G67>DATE(1988,12,31),$B$85,IF(G67<=DATE(1988,12,31),$B$84,"")))) -> Após 1988 | D67: Religador | E67: B 5661 | G67: 35065 | I67: 45371 | J67: Cromatográfica | K67: 23.8 | L67: 0657/2024
B68: =IF(C68="","",(B67+1)) -> 9 | C68: =IF(G68="","",IF(G68="SEM DATA",$B$86,IF(G68>DATE(1988,12,31),$B$85,IF(G68<=DATE(1988,12,31),$B$84,"")))) -> Após 1988 | D68: Religador | E68: B 5664 | G68: 35065 | I68: 45371 | J68: Cromatográfica | K68: 35.6 | L68: 0675/2024
B69: =IF(C69="","",(B68+1)) -> 10 | C69: =IF(G69="","",IF(G69="SEM DATA",$B$86,IF(G69>DATE(1988,12,31),$B$85,IF(G69<=DATE(1988,12,31),$B$84,"")))) -> Após 1988 | D69: Religador | E69: B 5663 | G69: 35065 | I69: 45371 | J69: Cromatográfica | K69: 32.1 | L69: 0659/2024
B70: =IF(C70="","",(B69+1)) -> 11 | C70: =IF(G70="","",IF(G70="SEM DATA",$B$86,IF(G70>DATE(1988,12,31),$B$85,IF(G70<=DATE(1988,12,31),$B$84,"")))) -> Após 1988 | D70: Religador | E70: B 5666 | G70: 35065 | I70: 45371 | J70: Cromatográfica | K70: 35.8 | L70: 0668/2024
B71: =IF(C71="","",(B70+1)) -> 12 | C71: =IF(G71="","",IF(G71="SEM DATA",$B$86,IF(G71>DATE(1988,12,31),$B$85,IF(G71<=DATE(1988,12,31),$B$84,"")))) -> Após 1988 | D71: Religador | E71: B 5660 | G71: 35065 | I71: 45552 | J71: Colorimétrico | K71: 0 | L71: 0131/2024
B72: =IF(C72="","",(B71+1)) -> 13 | C72: =IF(G72="","",IF(G72="SEM DATA",$B$86,IF(G72>DATE(1988,12,31),$B$85,IF(G72<=DATE(1988,12,31),$B$84,"")))) -> Após 1988 | D72: Religador | E72: B 5656 | G72: 35065 | I72: 45546 | J72: Cromatográfica | K72: 59.9 | L72: 1769/2024
... B75: =IF(C75="","",(B74+1)) -> 16 | C75: =IF(G75="","",IF(G75="SEM DATA",$B$86,IF(G75>DATE(1988,12,31),$B$85,IF(G75<=DATE(1988,12,31),$B$84,"")))) -> Após 1988 | D75: Religador | E75: B 5658 | G75: 35065 | I75: 45546 | J75: Cromatográfica | K75: 27.4 | L75: 1771/2024
B76: =IF(C76="","",(B75+1)) -> 17 | C76: =IF(G76="","",IF(G76="SEM DATA",$B$86,IF(G76>DATE(1988,12,31),$B$85,IF(G76<=DATE(1988,12,31),$B$84,"")))) -> Após 1988 | D76: Religador | E76: B 2661 | G76: 32509 | J76: sucata | L76: Sucata
B77: =IF(C77="","",(B76+1))
B78: =IF(C78="","",(B77+1))
B79: =IF(C79="","",(B78+1))
B80: =IF(C80="","",(B79+1))
B81: =IF(C81="","",(B80+1))
B82: Totais
B83: Sub-Família | C83: Equipamentos | D83: Não Contaminados | E83: Contaminados | F83: PCB | G83: Testes Realizados | H83: Tx. Contaminação | I83: Meta Manual | J83: Avanço 24 | K83: Avanço 25 | L83: Avanço Meta Manual
B84: Até 1988 | C84: =COUNTIFS(B60:B81,">"&0,C60:C81,"="&B84) -> 0 | D84: =COUNTIFS(B60:B81,">="&1,C60:C81,B84,K60:K81,">="&0,K60:K81,"<"&50) -> 0 | E84: =COUNTIFS(B60:B81,">="&1,C60:C81,B84,K60:K81,">="&50,K60:K81,"<"&500) -> 0 | F84: =COUNTIFS(B60:B81,">="&1,C60:C81,B84,K60:K81,">="&500) -> 0 | G84: =COUNTIFS(B60:B81,">="&1,C60:C81,B84,K60:K81,">="&0,I60:I81,">"&DATE(2021,1,1)) -> 0 | H84: =IF(G84=0,"-",(SUM(E84,F84)/G84)) -> - | I84: =IF((COUNTIFS(B60:B81,">="&1,C60:C81,"="&B84))>228,228,(COUNTIFS(B60:B81,">="&1,C60:C81,"="&B84))) -> 0 | J84: =IF(I84=0,"-",(COUNTIFS(C60:C81,"="&B84,I60:I81,"<="&DATE(2024,12,31),K60:K81,">="&0)/I84)) -> - | K84: =IF(I84=0,"-",IF(J84=1,"-",(COUNTIFS(B60:B81,">"&0,C60:C81,"="&B84,I60:I81,">"&DATE(2024,12,31),K60:K81,">="&0)/(I84-COUNTIFS(B60:B81,">"&0,C60:C81,"="&B84,I60:I81,"<="&DATE(2024,12,31),K60:K81,">="&0))))) -> - | L84: =IF(I84=0,"-",G84/I84) -> -
B85: Após 1988 | C85: =COUNTIFS(B60:B81,">"&0,C60:C81,"="&B85) -> 17 | D85: =COUNTIFS(B60:B81,">="&1,C60:C81,B85,K60:K81,">="&0,K60:K81,"<"&50) -> 15 | E85: =COUNTIFS(B60:B81,">="&1,C60:C81,B85,K60:K81,">="&50,K60:K81,"<"&500) -> 1 | F85: =COUNTIFS(B60:B81,">="&1,C60:C81,B85,K60:K81,">="&500) -> 0 | G85: =COUNTIFS(B60:B81,">="&1,C60:C81,B85,K60:K81,">="&0,I60:I81,">"&DATE(2021,1,1)) -> 16 | H85: =IF(G85=0,"-",(SUM(E85,F85)/G85)) -> 0.0625 | I85: =IF((COUNTIFS(B60:B81,">="&1,C60:C81,"="&B85))>228,228,(COUNTIFS(B60:B81,">="&1,C60:C81,"="&B85))) -> 17 | J85: =IF(I85=0,"-",(COUNTIFS(C60:C81,"="&B85,I60:I81,"<="&DATE(2024,12,31),K60:K81,">="&0)/I85)) -> 0.94117647 | K85: =IF(I85=0,"-",IF(J85=1,"-",(COUNTIFS(B60:B81,">"&0,C60:C81,"="&B85,I60:I81,">"&DATE(2024,12,31),K60:K81,">="&0)/(I85-COUNTIFS(B60:B81,">"&0,C60:C81,"="&B85,I60:I81,"<="&DATE(2024,12,31),K60:K81,">="&0))))) -> 0 | L85: =IF(I85=0,"-",G85/I85) -> 0.94117647
